query_id,query_text,query_image_path,product_id,title,product_type,color,material,image_path,relevance,reason
q001,"gray fabric sofa for a small living room, not leather",,B086B5MRFB|amazon.in,Solimo - 3 Seater Sofa Cum Bed with Storage,SOFA,Grey,Fabric,data/raw/images/small/a8/a80130a2.jpg,,
q001,"gray fabric sofa for a small living room, not leather",,B07BWJCVR2|amazon.com,"Amazon Brand – Stone & Beam Carrigan Modern Chaise Sofa Couch with Slipcover, 95""W, Grey Taupe",FURNITURE_COVER,Grey Taupe,stone,data/raw/images/small/cb/cb67cd51.jpg,,
q001,"gray fabric sofa for a small living room, not leather",,B07QJXW4JR|amazon.com,"Amazon Brand – Stone & Beam Elizabeth Contemporary Loveseat Sofa, 65""W, Light Grey",SOFA,Flax,,data/raw/images/small/9c/9cbe26d9.jpg,,
q001,"gray fabric sofa for a small living room, not leather",,B07B4D4964|amazon.com,"Amazon Brand – Stone & Beam Andover Modern Right Chaise Sofa Sectional, 126""W, Pewter",SOFA,Pewter,pewter,data/raw/images/small/c7/c79e820b.jpg,,
q001,"gray fabric sofa for a small living room, not leather",,B0723H8HJY|amazon.com,"Amazon Brand – Stone & Beam Kristin Performance Fabric Sectional Sofa Couch, 93""W, Stone",SOFA,Stone,Wood frame; Polyester/nylon,data/raw/images/small/18/1882f1e4.jpg,,
q001,"gray fabric sofa for a small living room, not leather",,B07HPNBTHF|amazon.co.uk,"Amazon Brand - Alkove Porto Hand-Crafted Leather Sofa, 3 Seater, 97 x 210 x 90cm, Mineral",SOFA,Beige,Leather,data/raw/images/small/69/696bf8f6.jpg,,
q001,"gray fabric sofa for a small living room, not leather",,B073G8Q656|amazon.com,"Amazon Brand – Stone & Beam Carrigan Modern Sofa Couch with Slipcover, 88.5""W, Grey Taupe",FURNITURE_COVER,Grey Taupe,hardwood and laminate wood with 100% cotton,data/raw/images/small/54/540d3b8b.jpg,,
q001,"gray fabric sofa for a small living room, not leather",,B07B4D88DY|amazon.com,"Amazon Brand – Rivet Edgewest Low Back Modern Right Chaise Sofa Sectional, 115""W, Charcoal Grey",SOFA,Charcoal Grey,Metal,data/raw/images/small/15/15709191.jpg,,
q001,"gray fabric sofa for a small living room, not leather",,B07K2JGTDN|amazon.com,"Rivet Marble (Light Grey) Swatch, Rivet",SOFA,Marble (Light Grey),,data/raw/images/small/6a/6ad750cf.jpg,,
q001,"gray fabric sofa for a small living room, not leather",,B07B4MRLT8|amazon.com,"Amazon Brand – Stone & Beam Bartow Living Room Sectional Sofa Couch with Slipcover, 95.5""W, Grey",FURNITURE_COVER,Grey,stone,data/raw/images/small/a2/a2b3856e.jpg,,
q001,"gray fabric sofa for a small living room, not leather",,B072PZJZXW|amazon.com,"Amazon Brand – Rivet Emerly Modern Loveseat Sofa, 63""W, Pewter",SOFA,Pewter,"Velvet, Hardwood frame, Metal legs",data/raw/images/small/4c/4c731a69.jpg,,
q001,"gray fabric sofa for a small living room, not leather",,B07QFP4M7W|amazon.com,"Stone & Beam Abigail Sofa Couch, 86""W, Golden Brown",SOFA,Golden Brown,,data/raw/images/small/10/106399e0.jpg,,
q001,"gray fabric sofa for a small living room, not leather",,B07QBMQ4YF|amazon.com,"Amazon Brand – Rivet Aiden Mid-Century Sectional with Tapered Wood Legs, 86""W, Hunter Green",SOFA,Hunter Green,Wood,data/raw/images/small/27/270f14e1.jpg,,
q001,"gray fabric sofa for a small living room, not leather",,B07BW8QSLC|amazon.com,"Amazon Brand – Rivet Edgewest Low Back Modern Right U-Sectional, 117""W, Blue",SOFA,Blue,Metal,data/raw/images/small/ac/aca67746.jpg,,
q001,"gray fabric sofa for a small living room, not leather",,B07WG2MHC7|amazon.in,Amazon Brand - Solimo Buda Fabric 1 seater Sofa (Blue),FURNITURE,BLUE,Wood,data/raw/images/small/ef/ef0ebff4.jpg,,
q001,"gray fabric sofa for a small living room, not leather",,B07PC11RS2|amazon.com,"Amazon Brand – Stone & Beam Leila Tufted Leather Loveseat Sofa Couch, 69""W, Saddle",SOFA,Saddle,Leather,data/raw/images/small/5a/5a75ad91.jpg,,
q001,"gray fabric sofa for a small living room, not leather",,B07B4FWGZS|amazon.com,"Amazon Brand – Stone & Beam Andover Sofa Couch, 90""W, Saddle-Colored Leather",SOFA,Saddle,stone,data/raw/images/small/35/35ae12f9.jpg,,
q001,"gray fabric sofa for a small living room, not leather",,B083XBTBCH|amazon.ca,"Rivet Andrews Contemporary Top-Grain Leather Ottoman, 30""W, Brown (Renewed)",HOME_FURNITURE_AND_DECOR,Dark Brown,,data/raw/images/small/94/941703a0.jpg,,
q001,"gray fabric sofa for a small living room, not leather",,B07P6JWDG5|amazon.com,"Amazon Brand – Rivet Andrews Contemporary Top-Grain Leather Ottoman, 30""W, Brown",OTTOMAN,Dark Brown,,data/raw/images/small/bc/bc0c5cf2.jpg,,
q001,"gray fabric sofa for a small living room, not leather",,B075X4VM6B|amazon.com,"Amazon Brand – Rivet Uptown Mid-Century Velvet Tufted Customizable Daybed Sofa, 78""W, Shadow & Black",SOFA,Shadow,Solid wood frame; Velvet upholstery; Metal,data/raw/images/small/f0/f0ec5209.jpg,,
q002,modern wooden coffee table with storage,,B07GF51SLB|amazon.co.uk,"Amazon Brand - Rivet Rectangular Coffee Table with 1-Shelf, 120 x 65 x 35cm, MDF with Walnut Veneer/Black Metal Frame",TABLE,Walnut/Black Metal Frame,"MDF with walnut veneer, powder coated metal",data/raw/images/small/7a/7a642379.jpg,,
q002,modern wooden coffee table with storage,,B07QC861L7|amazon.com,"Amazon Brand – Rivet Campbell Mid-Century Coffee Table with Tapered Legs, 47""W, Pale Wood and White",TABLE,Walnut/White,Engineered Wood,data/raw/images/small/41/4128dac1.jpg,,
q002,modern wooden coffee table with storage,,B07K7NNS6N|amazon.co.uk,"Amazon Brand - Alkove Hayes Solid Wood 1-Shelf Coffee Table with Glass Table Top, 100 x 60 x 48cm, Glass/Wild Oak",TABLE,Wild Oak,Oak,data/raw/images/small/6f/6fe3a734.jpg,,
q002,modern wooden coffee table with storage,,B07QJLWJJM|amazon.ca,"Stone & Beam Kensington Coffee Table with Chevron Design, 56"" W, Acacia",TABLE,Walnut/Black,,data/raw/images/small/16/16300918.jpg,,
q002,modern wooden coffee table with storage,,B07J1YW3YT|amazon.com,"AmazonBasics Lift-Top Storage Coffee Table, Natural",TABLE,Natural,Wood,data/raw/images/small/9e/9e6c695c.jpg,,
q002,modern wooden coffee table with storage,,B07K7K4CM2|amazon.co.uk,"Amazon Brand - Alkove Hayes Solid Wood 1-Shelf Coffee Table with Glass Table Top, 100 x 65 x 44cm, Glass/Wild Oak",TABLE,Wild Oak,Oak,data/raw/images/small/a3/a388ecf6.jpg,,
q002,modern wooden coffee table with storage,,B07DB92DKW|amazon.com,"Amazon Brand – Ravenna Home Aubree Mid-Century Modern Shelf Storage Side Table, 23.6""W, Grey pine",TABLE,Grey Pine,metal,data/raw/images/small/bd/bdf4d0d1.jpg,,
q002,modern wooden coffee table with storage,,B07QC85YG7|amazon.com,"Amazon Brand – Stone & Beam Industrial Solid Mango Wood Coffee Table with Trestle-Style Base, 52""W, Honey Finish",TABLE,Natural,Stone,data/raw/images/small/30/30ff08c0.jpg,,
q002,modern wooden coffee table with storage,,B075Z8KXW7|amazon.com,"Amazon Brand – Stone & Beam Coastal Breeze Rustic Farmhouse Coffee Table, 55.1""W, Natural and White",TABLE,White & Wood,wood,data/raw/images/small/9b/9b36b329.jpg,,
q002,modern wooden coffee table with storage,,B07176PVBX|amazon.com,Stone & Beam Coffee Tables,TABLE,,,data/raw/images/small/04/04037af5.jpg,,
q002,modern wooden coffee table with storage,,B072ZK887F|amazon.com,"Amazon Brand – Rivet Meeks Round Side Table with Fabric Storage Basket, 24""H, Walnut and Grey",TABLE,Grey,Metal,data/raw/images/small/ae/ae0d52b1.jpg,,
q002,modern wooden coffee table with storage,,B075YQXRJM|amazon.com,"Amazon Brand – Rivet Mid-Century Modern Minimalist Dining Kitchen Table, 53.1""L, Walnut Wood",TABLE,Brown,Hardwood,data/raw/images/small/37/379f95e3.jpg,,
q002,modern wooden coffee table with storage,,B07B77VXN8|amazon.com,"Amazon Brand – Rivet Modern Wood Buffet Bar Cabinet Credenza with Gold Accents, 35 Inch Height, Brown",CABINET,Brown,Hardwoods/ Metal,data/raw/images/small/c6/c63a5e61.jpg,,
q002,modern wooden coffee table with storage,,B07GFG6JMM|amazon.co.uk,"Amazon Brand - Movian Adour Oval Coffee Table, 55 x 110 x 39cm, Light Brown Oak-Effect",CLOTHES_RACK,Oak,Wood,data/raw/images/small/fe/fe801607.jpg,,
q002,modern wooden coffee table with storage,,B07DBF3VJY|amazon.com,"Amazon Brand – Ravenna Home Angela Modern Turned Leg Wood Shelf Storage Coffee Table, 44""W, White",TABLE,White,wood,data/raw/images/small/fb/fb436ad1.jpg,,
q002,modern wooden coffee table with storage,,B07SSCJKLN|amazon.in,Amazon Brand - Solimo Angel Engineered Wood Coffee Table (Espresso Finish),TABLE,Espresso,Engineered Wood,data/raw/images/small/82/82c64660.jpg,,
q002,modern wooden coffee table with storage,,B085W6GGN5|amazon.in,Amazon Brand - Solimo Andro Solid Sheesham Wood Coffee Table with 4 Stools (Mahogany Finish),FURNITURE,Mahogany Finish,Sheesham Wood,data/raw/images/small/00/0098afed.jpg,,
q002,modern wooden coffee table with storage,,B07RMYYLWY|amazon.co.uk,"AmazonBasics - Coffee Table with 1-Sliding Door, 110 x 55 x 40 cm, Brown/Black",TABLE,Brown,Wood,data/raw/images/small/11/11cba55d.jpg,,
q002,modern wooden coffee table with storage,,B07LC9HXSF|amazon.in,Amazon Brand - Solimo Polaris Engineered Wood Dressing Table (Imperial Teak),CABINET,Imperial Teak,Engineered Wood,data/raw/images/small/fa/fa66c66f.jpg,,
q003,"black office chair with armrests, not a dining chair",,B07QLGRVPN|amazon.in,AmazonBasics Mid-Back Black Mesh Chair (Renewed),CHAIR,Black,Plastic,data/raw/images/small/24/244c03a7.jpg,,
q003,"black office chair with armrests, not a dining chair",,B07SSHYD2Z|amazon.co.uk,"AmazonBasics Swivel Office Chair with Medium Back and Armrest, Mesh Back, Black",HOME_FURNITURE_AND_DECOR,,,data/raw/images/small/42/42f0d7b1.jpg,,
q003,"black office chair with armrests, not a dining chair",,B075Z6S94K|amazon.com,"Amazon Brand – Rivet Mid-Century Swope Curved Arm Swivel Office Chair, 26""W, Aqua",CHAIR,Teal,polyester/ Metal,data/raw/images/small/3b/3bf80762.jpg,,
q003,"black office chair with armrests, not a dining chair",,B081HWKWN6|amazon.co.uk,"UMI. by Amazon - Ergonomic office chair, Swivelling Mesh Computer Chair with Adjustable Lumbar Support and PU Armrests, Breathable Mesh Back and Padded Seat, 150 kg Max Load",ACCESSORY_OR_PART_OR_SUPPLY,Black,Alloy Steel,data/raw/images/small/ea/eac17d40.jpg,,
q003,"black office chair with armrests, not a dining chair",,B07HSKB7B4|amazon.com,"Amazon Brand – Stone & Beam Wickstrom Upholstered Dining Chair with Arms, 26""W, Slate Grey",STOOL_SEATING,Slate Gray,,data/raw/images/small/31/31be481c.jpg,,
q003,"black office chair with armrests, not a dining chair",,B07QYB14F4|amazon.ca,AmazonBasics Low-Back Computer Task/Desk Chair with Swivel Casters - Red (Renewed),CHAIR,Red,mesh,data/raw/images/small/af/afeb9bb5.jpg,,
q003,"black office chair with armrests, not a dining chair",,B081HX9SRM|amazon.co.uk,"UMI. by Amazon - Ergonomic office chair, Breathable High-Back Mesh Desk Chair with Adjustable Lumbar Support, 3D Armrests, Tilt Function and 360° Rotating Wheels",ACCESSORY_OR_PART_OR_SUPPLY,Black,Alloy Steel,data/raw/images/small/85/8552ae1a.jpg,,
q003,"black office chair with armrests, not a dining chair",,B08568HG2X|amazon.com,"Amazon Brand – Rivet Decatur Modern Faux Leather Kitchen Counter-Height Stool, 37""H, Black",STOOL_SEATING,Black,,data/raw/images/small/90/90362fc5.jpg,,
q003,"black office chair with armrests, not a dining chair",,B084W339RK|amazon.com,"Amazon Brand – Stone & Beam Vivianne Modern Upholstered Dining Chair with Casters, 24.4""W, Slate",CHAIR,Slate,,data/raw/images/small/25/25e0ab24.jpg,,
q003,"black office chair with armrests, not a dining chair",,B07R41343J|amazon.co.uk,UMI by Amazon 2 PCS Stretch Dining Chair Covers Melange Velvet Removable Chair Protector Elastic Slipcovers Black,FURNITURE_COVER,Black,Velvet,data/raw/images/small/bc/bc08f907.jpg,,
q003,"black office chair with armrests, not a dining chair",,B07MBFDQLY|amazon.com,"Amazon Brand – Ravenna Home Modern Dining Chair, 36 Inch Height, White, Set of 2",STOOL_SEATING,,,data/raw/images/small/6c/6c7942ef.jpg,,
q003,"black office chair with armrests, not a dining chair",,B07HMPPZRN|amazon.com,"AmazonBasics Foldable Rocking Chair, Black",CHAIR,Black,Steel,data/raw/images/small/bb/bb309800.jpg,,
q003,"black office chair with armrests, not a dining chair",,B07DBG291H|amazon.com,"Amazon Brand – Ravenna Home Amanda Curved Arm Upholstered Chair, 32.5""W, Dark Blue",CHAIR,Dark Blue,,data/raw/images/small/51/51fa5c94.jpg,,
q003,"black office chair with armrests, not a dining chair",,B07QGWLBBC|amazon.com,"Amazon Brand – Rivet Contemporary Curved Channel-Back Dining Chair, 35""H, Forest",CHAIR,Forest,Wood,data/raw/images/small/11/11ecebc7.jpg,,
q003,"black office chair with armrests, not a dining chair",,B0857JPHNF|amazon.com,"Amazon Brand – Stone & Beam Beech Wishbone Counter-Height Barstool, 38.2""H, Black and Natural",STOOL_SEATING,Black,Beech,data/raw/images/small/d9/d957ac09.jpg,,
q003,"black office chair with armrests, not a dining chair",,B084S1DM72|amazon.com,"Amazon Brand – Stone & Beam Bergen Upholstered Dining Chair with Wood Legs, Set of 2, 20""W, Gray",CHAIR,Grey,,data/raw/images/small/5c/5c5d6e0c.jpg,,
q003,"black office chair with armrests, not a dining chair",,B01DN8TG46|amazon.co.uk,AmazonBasics Foot Rest - Black,OFFICE_PRODUCTS,Black,,data/raw/images/small/54/5483744c.jpg,,
q003,"black office chair with armrests, not a dining chair",,B07F95756L|amazon.com.au,AmazonBasics Foot Rest - Black (Renewed),OFFICE_PRODUCTS,Black,,data/raw/images/small/03/03847968.jpg,,
q003,"black office chair with armrests, not a dining chair",,B0010SOA2A|amazon.com,"Strathwood St. Thomas Swivel Dining Arm Chair Cushion, Set of 2, Renata Hemp",OUTDOOR_LIVING,Renata Hemp,,data/raw/images/small/41/41843149.jpg,,
q003,"black office chair with armrests, not a dining chair",,B07K7729MV|amazon.co.uk,UMI by Amazon 4 PCS Stretch Jacquard Chair Protector Elastic Spandex Slipcovers Chair Covers Beige,FURNITURE_COVER,Beige,Fabric,data/raw/images/small/5e/5e23eace.jpg,,
q004,white bookshelf for a bedroom,,B07P65599S|amazon.com,"AmazonBasics Functional Bookcase Storage Headboard - Queen, White",HEADBOARD,White,Wood,data/raw/images/small/9b/9b03a751.jpg,,
q004,white bookshelf for a bedroom,,B07QF9X1LH|amazon.com,"Amazon Brand – Ravenna Home Sullivan Modern Bookcase, 41.4""W, White",DESK,White,Engineered Wood,data/raw/images/small/d8/d83c7c15.jpg,,
q004,white bookshelf for a bedroom,,B07TX2D4XN|amazon.co.uk,"Amazon Brand - Movian MDF Shelf 2 lockers Cube Bookcase, Light Oak, 41.5 x 29 x 59.5 cm",SHELF,Light Brown,Wood,data/raw/images/small/7e/7ee70e92.jpg,,
q004,white bookshelf for a bedroom,,B075ZF4S39|amazon.com,"Amazon Brand – Stone & Beam Barrett Reclaimed Wood 4-Shelf Bookcase, 40""W, White and Sandstone Pine",SHELF,White/Brown,wood,data/raw/images/small/46/466292e2.jpg,,
q004,white bookshelf for a bedroom,,B07PZN19XB|amazon.com,Amazon Brand - Solimo Zen Solid Wood Book Case (Wenge Finish),SHELF,Black,Wood,data/raw/images/small/42/42023ee1.jpg,,
q004,white bookshelf for a bedroom,,B079TXCC1J|amazon.co.uk,"Amazon Brand - Movian High Gloss 1 Drawer Bedside Cabinet, Black, 47 x 40 x 36 cm",DRESSER,Black,Engineered Wood,data/raw/images/small/24/24538384.jpg,,
q004,white bookshelf for a bedroom,,B0851ZXS46|amazon.co.uk,Movian Shelf 4037,HOME_FURNITURE_AND_DECOR,White,Wood,data/raw/images/small/7c/7c457955.jpg,,
q004,white bookshelf for a bedroom,,B07PPNNCM2|amazon.com,"AmazonBasics Modern 5-Tier Ladder Bookshelf Organizer with Solid Rubber Wood Frame, White",SHELF,White,Wood,data/raw/images/small/9c/9c1e8c8a.jpg,,
q004,white bookshelf for a bedroom,,B078S81KPH|amazon.com,Amazon Brand – Stone & Beam Barrett Reclaimed Wood 4-Shelf Bookcase,SHELF,,,data/raw/images/small/46/466292e2.jpg,,
q004,white bookshelf for a bedroom,,B07V152DQ8|amazon.co.uk,"Amazon Brand - Movian 1 locker MDF Shelf Cube Bookcase, Brown, 41.5 x 29 x 30.5 cm",CABINET,Brown,Wood,data/raw/images/small/51/518468e2.jpg,,
q004,white bookshelf for a bedroom,,B07QC85X9C|amazon.com,"Amazon Brand – Ravenna Home Springdale Modern Bookcase with Decorative Open Sides, 30""W, White",DESK,White,Engineered Wood,data/raw/images/small/45/45ae89d5.jpg,,
q004,white bookshelf for a bedroom,,B07MKHHP34|amazon.in,Amazon Brand - Solimo 4-Tier Book Shelf (Walnut),SHELF,Walnut,Wood,data/raw/images/small/c3/c3a294dd.jpg,,
q004,white bookshelf for a bedroom,,B07XKC5BCW|amazon.ca,"Stone & Beam Vintage Farmhouse Wood Floating Wall Storage Cabinet with Chalkboard - 24 x 21 x 8 Inches, Antique White (Renewed)",CABINET,Antique White,Wood,data/raw/images/small/3b/3b5a735a.jpg,,
q004,white bookshelf for a bedroom,,B079VNL3CG|amazon.co.uk,"Amazon Brand - Movian High Gloss 3 Drawer Bedside Cabinet, Black, 56 x 40 x 36 cm",DRESSER,Black,Engineered Wood,data/raw/images/small/b7/b7727f46.jpg,,
q004,white bookshelf for a bedroom,,B07D5M2YZC|amazon.com,"AmazonBasics Storage Cabinet, 2 Shelves",TEACHING_EQUIPMENT,,Wood,data/raw/images/small/ec/ec087494.jpg,,
q004,white bookshelf for a bedroom,,B075ZBW1RR|amazon.com,"Amazon Brand – Stone & Beam Larson Industrial Wood and Metal 2-Shelf Bookcase, 39""H, Walnut",SHELF,Walnut + Metal,walnut,data/raw/images/small/d5/d581c685.jpg,,
q004,white bookshelf for a bedroom,,B07PYL46GJ|amazon.com,AmazonBasics Classic L-Shaped Desk with Open Bookshelves - White/Natural,DESK,White/Natural,Engineered Wood,data/raw/images/small/b7/b7092a3a.jpg,,
q004,white bookshelf for a bedroom,,B07HSM1W45|amazon.com,"Amazon Brand – Stone & Beam Arced Rustic King Bed Headboard with Raised Panels - King, 79 Inch, New Whitewash",HEADBOARD,Solid Hardwood With a Subtle Whitewash Finish,Wood,data/raw/images/small/46/46cfebc8.jpg,,
q004,white bookshelf for a bedroom,,B07PXFVNXR|amazon.com,"Ameriwood Home Classic 5 Drawer Dresser, White",DRESSER,White,Engineered Wood,data/raw/images/small/19/19196356.jpg,,
q004,white bookshelf for a bedroom,,B001BQ8III|amazon.com,"Pinzon Geary Glass-Top Desk, Cosmo",DESK,White,Glass,data/raw/images/small/6a/6a9e2c96.jpg,,
q005,"floor lamp for living room, not a table lamp",,B07DBCMTPB|amazon.com,"Amazon Brand – Ravenna Home Clear Ribbed Glass Cylinder Living Room Floor Lamp with LED Bulb - 64.25 Inches, Brushed Nickel",LAMP,Brushed Nickel,,data/raw/images/small/8a/8a5b0bcf.jpg,,
q005,"floor lamp for living room, not a table lamp",,B07B4ZK8BR|amazon.com,"Amazon Brand – Rivet Mid-Century Modern Floor Lamp with Wireless USB Port Charging Wood Table, 59""H, Light Bulb Included, Black",LAMP,Black,Linen,data/raw/images/small/ea/ea7e022e.jpg,,
q005,"floor lamp for living room, not a table lamp",,B0824F7ZLF|amazon.com,"Amazon Brand – Ravenna Home Traditional Metal Downbridge Floor Lamp with Adjustable Shade, LED Bulb Included, 58.25""H, Dark Bronze",LAMP,Dark Bronze,Metal,data/raw/images/small/6a/6ab19530.jpg,,
q005,"floor lamp for living room, not a table lamp",,B0742DNY41|amazon.sg,"Rivet Marble and Brass Floor Lamp, Avery, 63""H, With Bulb",LAMP,Antique Brass,Metal+Marble,data/raw/images/small/55/552c9245.jpg,,
q005,"floor lamp for living room, not a table lamp",,B07QD5SXJH|amazon.in,"Rivet Modern Arc Floor Lamp with Bulb and Fabric Shade, 69""H, Antique Brass",LAMP,Brass,Fabric,data/raw/images/small/14/143e0106.jpg,,
q005,"floor lamp for living room, not a table lamp",,B0825D87LB|amazon.com,"Amazon Brand – Stone & Beam Contemporary Glass Table Lamp with Narrow-Necked Body, LED Bulb Included, 20.25""H, Clear",LAMP,Clear,Glass,data/raw/images/small/99/9913f3e9.jpg,,
q005,"floor lamp for living room, not a table lamp",,B07MBFD6F9|amazon.com,"Amazon Brand – Ravenna Home Metal Table Lamp with LED Light Bulb, 20""H, Dark Bronze",LAMP,Black,,data/raw/images/small/d1/d175ab22.jpg,,
q005,"floor lamp for living room, not a table lamp",,B0825DN9JL|amazon.com,"Amazon Brand – Stone & Beam Contemporary Curved Glass Table Lamp, LED Bulb Included, 19.25""H, Clear",LAMP,Clear,Glass,data/raw/images/small/0b/0baa055f.jpg,,
q005,"floor lamp for living room, not a table lamp",,B07MBFDHMH|amazon.com,"Amazon Brand – Stone & Beam Table Lamp with Textured Ceramic Base, Bulb Included, 15""H, Crackle White",LAMP,Crackle White,ceramic,data/raw/images/small/93/93809081.jpg,,
q005,"floor lamp for living room, not a table lamp",,B0824F3KVZ|amazon.com,"Amazon Brand – Ravenna Home Contemporary Metal Table Lamp with Acrylic Accents, LED Bulb Included, 19.5""H, White",LAMP,White,Metal,data/raw/images/small/06/0644012a.jpg,,
q005,"floor lamp for living room, not a table lamp",,B075X2YJHZ|amazon.com,"Amazon Brand – Stone & Beam Vintage Industrial Spotlight Tripod Floor Lamp With LED Light Bulb - 25.5 x 25.5 x 60 Inches, Black",LAMP,Black,Metal,data/raw/images/small/6b/6bcc53d0.jpg,,
q005,"floor lamp for living room, not a table lamp",,B075X1T517|amazon.in,"Stone & Beam Leland Modern Textured Table Lamp With Bulb, 24.5""H, Grey",LAMP,Grey,Ceramic Metal Fabric,data/raw/images/small/cc/cc2fabe2.jpg,,
q005,"floor lamp for living room, not a table lamp",,B0824FLNCJ|amazon.com,"Amazon Brand – Ravenna Home Contemporary Metal Table Lamp with Mercury Glass Accent, LED Bulb Included, 28.5""H, Polished Nickel",LAMP,Chrome,Metal,data/raw/images/small/9b/9b44f881.jpg,,
q005,"floor lamp for living room, not a table lamp",,B073772TP9|amazon.com,"Amazon Brand – Stone & Beam Modern Slate Rock Table Desk Lamp with Light Bulb And Linen Shade,16""H, Polished Nickel",LAMP,Polished Nickel,Polyresin+Metal+Fabric,data/raw/images/small/0e/0eaef55c.jpg,,
q005,"floor lamp for living room, not a table lamp",,B0825CXG8H|amazon.com,"Amazon Brand – Rivet Mid-Century Modern Metal Starburst Table Lamp, LED Bulb Included, 24.5""H, Antique Gold",LAMP,Antique Gold,Metal,data/raw/images/small/a8/a893b327.jpg,,
q005,"floor lamp for living room, not a table lamp",,B07B51946F|amazon.com,"Amazon Brand – Rivet Mid Century Modern Industrial Fan Table Desk Lamp With 3 Edison Light Bulbs - 16.5 x 8 x 17.25 Inch, Wood Finish",LAMP,Wood Finish,,data/raw/images/small/d2/d2474d2e.jpg,,
q005,"floor lamp for living room, not a table lamp",,B07ML7M196|amazon.com,"Amazon Brand – Rivet Cement-Textured Table Lamp, Bulb Included, 16.5""H, White on Gray",LAMP,Grey,,data/raw/images/small/5c/5c9a2d8f.jpg,,
q005,"floor lamp for living room, not a table lamp",,B075X2NLJZ|amazon.com.au,"Rivet Pineapple Ceramic Table Lamp, Modern, 18"" H, White and Gold",LAMP,White,Ceramic+FabrIc,data/raw/images/small/12/12ef42a5.jpg,,
q005,"floor lamp for living room, not a table lamp",,B07MHMR8FV|amazon.com,"Amazon Brand – Stone & Beam Task Lamp with Rotary Switch on the Base and LED Light Bulb - 21.5-Inch, Black / Brushed Nickel",LAMP,Black,,data/raw/images/small/2d/2d353619.jpg,,
q005,"floor lamp for living room, not a table lamp",,B07MF1RKM3|amazon.com,"Amazon Brand – Stone & Beam Textured Ceramic Table Lamp, Bulb Included, 16.75""H, Blue",LAMP,Blue,ceramic,data/raw/images/small/f6/f6ddf948.jpg,,
q006,round dining table for four people,,B00DBSSHTY|amazon.co.uk,"Strathwood Garden Furniture Padre Round Garden Dining Table Weatherproof Poly Rattan 48""",ABIS_LAWN_AND_GARDEN,,plastic,data/raw/images/small/e2/e2b58405.jpg,,
q006,round dining table for four people,,B083SWXZBZ|amazon.in,Amazon Brand - Solimo Clara 4 Seater Sheesham Wood Dining Table Set with Chairs (Walnut Finish),FURNITURE,Walnut Finish,Sheesham Wood,data/raw/images/small/e7/e72e345a.jpg,,
q006,round dining table for four people,,B07BDVBFH5|amazon.co.uk,"AmazonBasics Stone & Beam 20-Piece Flatware Set, Service for 4 - Round",FLATWARE,,Stainless Steel,data/raw/images/small/c4/c42bc4bc.jpg,,
q006,round dining table for four people,,B075YQXRJM|amazon.com,"Amazon Brand – Rivet Mid-Century Modern Minimalist Dining Kitchen Table, 53.1""L, Walnut Wood",TABLE,Brown,Hardwood,data/raw/images/small/37/379f95e3.jpg,,
q006,round dining table for four people,,B085ZKX1TB|amazon.com,Amazon Brand - Solimo Karen Solid Sheesham Wood 4 Seater Dining Table with Chairs (Teak Finish),FURNITURE,Teak Finish,Sheesham Wood,data/raw/images/small/09/09cfc13f.jpg,,
q006,round dining table for four people,,B085Z6C2J4|amazon.in,Amazon Brand - Solimo Hove Solid Sheesham Wood 6 Seater Dining Table with Chairs and Bench (Teak Finish),FURNITURE,Teak Finish,Sheesham Wood,data/raw/images/small/d0/d0f34839.jpg,,
q006,round dining table for four people,,B001NEIPW2|amazon.com,"Strathwood Sheffield Bistro Table, White",OUTDOOR_LIVING,,,data/raw/images/small/88/88afab72.jpg,,
q006,round dining table for four people,,B07HJR368C|amazon.ca,"AmazonBasics Kids Wood Table and 4 Chair Set, Natural Table, Assorted Color Chairs",TEACHING_EQUIPMENT,,,data/raw/images/small/37/373ad79b.jpg,,
q006,round dining table for four people,,B075HXJY3Y|amazon.com,"Amazon Brand – Stone & Beam Medallion Round Stoneware Tile Coaster Set - Set of 4, 4.25 Inch, Teal and Blue",DRINK_COASTER,Teal and Blue,Stoneware,data/raw/images/small/a7/a73d17e3.jpg,,
q006,round dining table for four people,,B07CYWRK7B|amazon.co.uk,"AmazonBasics 56-176-016701-PL Patio Round Table Cover, 48"", Grey",FURNITURE_COVER,Grey,,data/raw/images/small/5b/5b3683b6.jpg,,
q006,round dining table for four people,,B07HJR2VG9|amazon.sa,"AmazonBasics Kids Solid Wood Table and 2 Chair Set, Natural",TEACHING_EQUIPMENT,Natural,,data/raw/images/small/2c/2cbc4b6d.jpg,,
q006,round dining table for four people,,B07B874GDK|amazon.com,"Amazon Brand – Stone & Beam Hughes Casual Wood and Metal Extendable Dining Table, 74-104""L, Brown",TABLE,Brown,wood,data/raw/images/small/84/84ba1a1b.jpg,,
q006,round dining table for four people,,B083SYCS14|amazon.in,Amazon Brand - Solimo Clara 6 Seater Sheesham Wood Dining Table Set with Chairs (Walnut Finish),FURNITURE,Walnut Finish,Sheesham Wood,data/raw/images/small/9b/9b028388.jpg,,
q006,round dining table for four people,,B07QB79FTP|amazon.ca,"Amazon Brand – Stone & Beam Corwin Rustic Reactive-Glaze Stoneware 18-Piece Dinnerware Set, Service for 6, Granite",DISHWARE_PLACE_SETTING,Granite Grey,Stoneware,data/raw/images/small/84/84b79e6d.jpg,,
q006,round dining table for four people,,B084H87DQZ|amazon.ae,Rivet Contemporary Geometric Area Rug,HOME_FURNITURE_AND_DECOR,,,data/raw/images/small/57/57321312.jpg,,
q006,round dining table for four people,,B00LFIZ4FW|amazon.co.uk,AmazonBasics 72-Inch (180 cm) Dining Table Cover,FURNITURE_COVER,Grey,Fabric,data/raw/images/small/4c/4c74ab3e.jpg,,
q006,round dining table for four people,,B072ZK887F|amazon.com,"Amazon Brand – Rivet Meeks Round Side Table with Fabric Storage Basket, 24""H, Walnut and Grey",TABLE,Grey,Metal,data/raw/images/small/ae/ae0d52b1.jpg,,
q006,round dining table for four people,,B07GJKFS4F|amazon.in,"AmazonBasics Stainless Steel Dinner Knives with Round Edge, Pack of 12",KITCHEN_KNIFE,Silver,Stainless Steel,data/raw/images/small/fa/fad81964.jpg,,
q006,round dining table for four people,,B07ZQYCR21|amazon.in,"AmazonCommercial 1/4 Size Stainless Steel Solid Steam Table/Hotel Pan Cover, Pack of 2",FOOD_SERVICE_SUPPLY,,,data/raw/images/small/da/da4abb26.jpg,,
q006,round dining table for four people,,B000FTHD9W|amazon.in,"Pinzon 4-Piece Dinnerware Placesetting, Service for 1, Lilac (Retired)",DISHWARE_PLACE_SETTING,Lilac,,data/raw/images/small/d7/d701033f.jpg,,
q007,"beige area rug with a simple design, not colorful",,B071LQHVJZ|amazon.com,"Amazon Brand – Stone & Beam Contemporary Interlocking Rings Wool Area Rug, 5 x 7 Foot, Beige",HOME_FURNITURE_AND_DECOR,Beige,wool,data/raw/images/small/9e/9eebbb8f.jpg,,
q007,"beige area rug with a simple design, not colorful",,B0794PSNTT|amazon.ca,Stone & Beam Floral Kaleidoscope Traditional Area Rug,HOME_LIGHTING_AND_LAMPS,Denim,,data/raw/images/small/27/27163d76.jpg,,
q007,"beige area rug with a simple design, not colorful",,B075JR5KF5|amazon.co.uk,Stone & Beam Traditional Regal Adornment Rug,HOME_FURNITURE_AND_DECOR,,,data/raw/images/small/ed/eda46c27.jpg,,
q007,"beige area rug with a simple design, not colorful",,B07TCGFHRD|amazon.co.uk,"Amazon Brand - Movian Struma, Rectangular area rug, 221 cm x 160 cm (L x W), Geometric pattern",HOME_FURNITURE_AND_DECOR,Movian,Polypropylene,data/raw/images/small/42/42018b9f.jpg,,
q007,"beige area rug with a simple design, not colorful",,B07P1TKX9L|amazon.com,"Stone & Beam Haze Swatch, Stone & Beam",SWATCH,Haze,,data/raw/images/small/8c/8c8dabc6.jpg,,
q007,"beige area rug with a simple design, not colorful",,B075LCPZFP|amazon.co.uk,"Amazon Brand - Rivet Pink Global Floral Wool Rug, 4' x 6', Pink",HOME_FURNITURE_AND_DECOR,,Wool,data/raw/images/small/70/70d48cff.jpg,,
q007,"beige area rug with a simple design, not colorful",,B084H87DQZ|amazon.ae,Rivet Contemporary Geometric Area Rug,HOME_FURNITURE_AND_DECOR,,,data/raw/images/small/57/57321312.jpg,,
q007,"beige area rug with a simple design, not colorful",,B07P1TL81Y|amazon.com,"Stone & Beam Benavento Linen Swatch, Stone & Beam 25020101",SWATCH,Benavento Linen,,data/raw/images/small/c4/c4f69ccc.jpg,,
q007,"beige area rug with a simple design, not colorful",,B07P5DRWSL|amazon.com,"Stone & Beam Benavento Dove Swatch, Stone & Beam 25020100",SWATCH,Benavento Dove,,data/raw/images/small/14/14df3089.jpg,,
q007,"beige area rug with a simple design, not colorful",,B07KRBPKT6|amazon.com,"Light Grey Swatch, Ravenna Home",BENCH,Light Grey,,data/raw/images/small/7d/7d23e11c.jpg,,
q007,"beige area rug with a simple design, not colorful",,B07P43LDCP|amazon.com,"Stone & Beam Dove Swatch, Stone & Beam -3",SWATCH,Dove,,data/raw/images/small/14/14df3089.jpg,,
q007,"beige area rug with a simple design, not colorful",,B07GFGV877|amazon.co.uk,"Rivet Abstract Reflections Wool Rug, 4' x 6', Navy Blue",HOME_FURNITURE_AND_DECOR,,,data/raw/images/small/06/060b2ae5.jpg,,
q007,"beige area rug with a simple design, not colorful",,B07P2YN9JH|amazon.com,"Stone & Beam Dove Swatch, Stone & Beam -2",SWATCH,Dove,,data/raw/images/small/4a/4ad5aebc.jpg,,
q007,"beige area rug with a simple design, not colorful",,B07CTRWV5G|amazon.ca,"Neutral Swatch, Rivet 25010051",OTTOMAN,Neutral,,data/raw/images/small/09/09046773.jpg,,
q007,"beige area rug with a simple design, not colorful",,B07P43KK6S|amazon.com,"Stone Swatch, Stone & Beam -3",SWATCH,Stone,,data/raw/images/small/f1/f12fdc36.jpg,,
q007,"beige area rug with a simple design, not colorful",,B07KKRQXXK|amazon.co.uk,"AmazonBasics Ergonomic Anti-Fatigue Standing Desk Mat, Office Mat, Acupuncture Stimulating Surface, 76.2 x 63.5 x 7.6 cm, Black",SAFETY_SUPPLY,Black,Soft Foam,data/raw/images/small/c9/c90b3378.jpg,,
q007,"beige area rug with a simple design, not colorful",,B07KKFVFL4|amazon.co.uk,"AmazonBasics Ergonomic Anti-Fatigue Standing Desk Mat, Office Mat, Acupuncture Stimulating Surface, 80 x 62.5 x 7.6 cm, Black, Pack of 4",SAFETY_SUPPLY,Black,Soft Foam,data/raw/images/small/bd/bdcd8e2c.jpg,,
q007,"beige area rug with a simple design, not colorful",,B07SG95W2W|amazon.com.au,"AmazonBasics Platform Cat Tree - Small, Beige (Renewed)",PET_SUPPLIES,Beige,,data/raw/images/small/51/51882b68.jpg,,
q007,"beige area rug with a simple design, not colorful",,B07SCKV46L|amazon.ca,"AmazonBasics Platform Cat Tree - Medium, Beige (Renewed)",PET_SUPPLIES,Beige,,data/raw/images/small/9c/9c88a134.jpg,,
q007,"beige area rug with a simple design, not colorful",,B07KRN2386|amazon.co.uk,Stone & Beam Casual Plaid Rug,HOME_FURNITURE_AND_DECOR,,,data/raw/images/small/a3/a35d2076.jpg,,
q008,small storage cabinet for entryway,,B07B8FHTJ4|amazon.com,"Amazon Brand – Stone & Beam Farmhouse Wall Mounted Cabinet Storage Organzier - 23 x19 x 6 Inch, Natural Wood",CABINET,Natural,Wood,data/raw/images/small/1e/1e0b766a.jpg,,
q008,small storage cabinet for entryway,,B07DBDTCTY|amazon.com,"Amazon Brand – Ravenna Home Upholstered Entryway Cushioned Storage Bench - 31 1/2-Inch, Espresso",BENCH,Espresso,Wood,data/raw/images/small/82/82b1d300.jpg,,
q008,small storage cabinet for entryway,,B07QD6V13M|amazon.com,"Amazon Brand – Rivet Modern Media Storage Cabinet, 31.5""W, White",HOME_FURNITURE_AND_DECOR,White,,data/raw/images/small/b6/b675dfca.jpg,,
q008,small storage cabinet for entryway,,B07XKC5BCW|amazon.ca,"Stone & Beam Vintage Farmhouse Wood Floating Wall Storage Cabinet with Chalkboard - 24 x 21 x 8 Inches, Antique White (Renewed)",CABINET,Antique White,Wood,data/raw/images/small/3b/3b5a735a.jpg,,
q008,small storage cabinet for entryway,,B07DBB1S8N|amazon.com,"Amazon Brand – Ravenna Home Upholstered Entryway Cushioned Storage Bench - 47 1/4-Inch, Espresso",BENCH,Espresso,Wood,data/raw/images/small/92/92d72672.jpg,,
q008,small storage cabinet for entryway,,B07MF1RR2V|amazon.com,"Amazon Brand – Ravenna Home Classic Solid Pine Storage Bench, 45""W, Black Finish",BENCH,Black,,data/raw/images/small/a2/a2274471.jpg,,
q008,small storage cabinet for entryway,,B07MF1SRM6|amazon.com,"Amazon Brand – Ravenna Home Classic Solid Pine Storage Bench, 46.5""W, Black Finish",BENCH,Black,,data/raw/images/small/65/658205f2.jpg,,
q008,small storage cabinet for entryway,,B07M6PKCQQ|amazon.com,"Amazon Brand – Ravenna Home Classic Solid Pine Storage Bench, 45""W, White Wash Finish",BENCH,White,Pine,data/raw/images/small/b1/b18d48a7.jpg,,
q008,small storage cabinet for entryway,,B07D5M2YZC|amazon.com,"AmazonBasics Storage Cabinet, 2 Shelves",TEACHING_EQUIPMENT,,Wood,data/raw/images/small/ec/ec087494.jpg,,
q008,small storage cabinet for entryway,,B082L28P18|amazon.com,"Amazon Brand – Stone & Beam Modern 2-Drawer File Cabinet with Recessed Metal Handles, 28.5""H, White",CABINET,White,,data/raw/images/small/3f/3f8f641d.jpg,,
q008,small storage cabinet for entryway,,B07QFB1L2P|amazon.com,"Amazon Brand – Stone & Beam Sumner Modern Filing Cabinet, 21.5""W, White",CABINET,White,Pine,data/raw/images/small/89/89c32f99.jpg,,
q008,small storage cabinet for entryway,,B07DBDPMRS|amazon.com,"Amazon Brand – Ravenna Home Angela Modern Turned Leg Console Entry Table, 47.2""W, Grey",TABLE,Grey,wood,data/raw/images/small/46/46e68dc4.jpg,,
q008,small storage cabinet for entryway,,B07QHKPD35|amazon.com,"Amazon Brand – Ravenna Home Sullivan Modern Filing Cabinet, 24.75""W, White",DESK,White,Engineered Wood,data/raw/images/small/e9/e9f3adab.jpg,,
q008,small storage cabinet for entryway,,B07V152DQ8|amazon.co.uk,"Amazon Brand - Movian 1 locker MDF Shelf Cube Bookcase, Brown, 41.5 x 29 x 30.5 cm",CABINET,Brown,Wood,data/raw/images/small/51/518468e2.jpg,,
q008,small storage cabinet for entryway,,B079VNL3CG|amazon.co.uk,"Amazon Brand - Movian High Gloss 3 Drawer Bedside Cabinet, Black, 56 x 40 x 36 cm",DRESSER,Black,Engineered Wood,data/raw/images/small/b7/b7727f46.jpg,,
q008,small storage cabinet for entryway,,B082PFXVPB|amazon.com,"Stone & Beam Traditional Buffet Storage Cabinet - 68 Inch, Brown (Renewed)",CABINET,Brown,Wood,data/raw/images/small/28/2816b9b9.jpg,,
q008,small storage cabinet for entryway,,B07H8SSY4F|amazon.co.uk,"Amazon Brand - Movian Moselle 3-Drawer 2-Door Sideboard Storage Cabinet, 165 x 78 x 50cm, Light Brown Oak-Effect/White",CABINET,Oak Sonoma/Alpine White,Wood,data/raw/images/small/1e/1ea2e6c7.jpg,,
q008,small storage cabinet for entryway,,B07B77VXN8|amazon.com,"Amazon Brand – Rivet Modern Wood Buffet Bar Cabinet Credenza with Gold Accents, 35 Inch Height, Brown",CABINET,Brown,Hardwoods/ Metal,data/raw/images/small/c6/c63a5e61.jpg,,
q008,small storage cabinet for entryway,,B07FFSKF4F|amazon.ca,AmazonBasics Under-Sink Storage Basket Organizer,BASKET,,,data/raw/images/small/dd/ddd9092b.jpg,,
q008,small storage cabinet for entryway,,B07B78G1D1|amazon.com,"Amazon Brand – Stone & Beam Amber Metal Buffet Table Kitchen Storage Rack, 47.5""W, White, Carrera Marble, Black Metal",CABINET,White,Iron,data/raw/images/small/60/6025a090.jpg,,
q009,"stainless steel kitchen knife set, not plastic handle",,B07P6XKV3B|amazon.in,Amazon Brand - Solimo Stainless Steel Knife Set (3 pieces),KITCHEN_KNIFE,Silver,Plastic,data/raw/images/small/45/45a5b0fc.jpg,,
q009,"stainless steel kitchen knife set, not plastic handle",,B0711YD5TK|amazon.in,"Amazon Brand - Solimo Premium High-Carbon Stainless Steel Utility Knife Set, 3-Pieces, Silver",KITCHEN_KNIFE,Silver,Stainless Steel,data/raw/images/small/04/048f7819.jpg,,
q009,"stainless steel kitchen knife set, not plastic handle",,B0719QB6HW|amazon.in,"Amazon Brand - Solimo Premium High-Carbon Stainless Steel Utility Knife Set, 2-Pieces, Silver",KITCHEN_KNIFE,Silver,Stainless Steel,data/raw/images/small/e5/e5c7cf54.jpg,,
q009,"stainless steel kitchen knife set, not plastic handle",,B0728HGGPC|amazon.in,"Amazon Brand - Solimo Premium High-Carbon Stainless Steel Kitchen Knife Set, 3-Pieces, Silver",KITCHEN_KNIFE,Silver,Stainless Steel,data/raw/images/small/ad/ad45b505.jpg,,
q009,"stainless steel kitchen knife set, not plastic handle",,B0719QB6HV|amazon.in,"Amazon Brand - Solimo Premium High-Carbon Stainless Steel Chef's Knife Set, 2-Pieces, Silver",KITCHEN_KNIFE,Silver,Stainless Steel,data/raw/images/small/9e/9ee25fbf.jpg,,
q009,"stainless steel kitchen knife set, not plastic handle",,B00R3Z49G6|primenow.amazon.com,AmazonBasics 14-Piece Kitchen Knife Set with High-Carbon Stainless-Steel Blades and Pine Wood Block,KNIFE_BLOCK_SET,,Stainless Steel,data/raw/images/small/ea/eafd1d62.jpg,,
q009,"stainless steel kitchen knife set, not plastic handle",,B000WIB27K|amazon.in,Strathwood 5-Piece Full Tang Steak Knife Set with Professional Sharpener,KITCHEN_KNIFE,,,data/raw/images/small/da/dab9cbe7.jpg,,
q009,"stainless steel kitchen knife set, not plastic handle",,B00R3Z3ZF2|amazon.ca,AmazonBasics Premium 18-Piece Knife Block Set,KNIFE_BLOCK_SET,,,data/raw/images/small/eb/eb2d78ba.jpg,,
q009,"stainless steel kitchen knife set, not plastic handle",,B07Y5Y7CRZ|amazon.in,"AmazonBasics Plastic Knives, Compostable PLA, 100-Pack",FOOD_SERVICE_SUPPLY,natural,Plastic,data/raw/images/small/ee/ee4ff036.jpg,,
q009,"stainless steel kitchen knife set, not plastic handle",,B07Y5XQ2LS|amazon.in,"AmazonBasics Heavy-Weight Plastic Cutlery Set, Black 1440-Pack (720 forks, 480 spoons, 240 knives)",FLATWARE,black,Plastic,data/raw/images/small/91/9150fa75.jpg,,
q009,"stainless steel kitchen knife set, not plastic handle",,B07GJKFS4F|amazon.in,"AmazonBasics Stainless Steel Dinner Knives with Round Edge, Pack of 12",KITCHEN_KNIFE,Silver,Stainless Steel,data/raw/images/small/fa/fad81964.jpg,,
q009,"stainless steel kitchen knife set, not plastic handle",,B0711YD5ZC|amazon.in,"Amazon Brand - Solimo Premium High-Carbon Stainless Steel Detachable Kitchen Shears and Knife Set, 2-Pieces, Silver",KITCHEN_KNIFE,Silver,Stainless Steel,data/raw/images/small/52/527834fc.jpg,,
q009,"stainless steel kitchen knife set, not plastic handle",,B07Y62HQ1C|amazon.in,"AmazonBasics Light-Weight Plastic Knives, White, 500-Pack",FOOD_SERVICE_SUPPLY,white,Plastic,data/raw/images/small/fe/fe4aaaf7.jpg,,
q009,"stainless steel kitchen knife set, not plastic handle",,B0719QB6HX|amazon.in,Amazon Brand - Solimo Premium High-Carbon Stainless Steel Detachable Kitchen Shears and 2 Kitchen Knife Set,KITCHEN_KNIFE,Silver,Stainless Steel,data/raw/images/small/a5/a56b22ac.jpg,,
q009,"stainless steel kitchen knife set, not plastic handle",,B088TLCM3D|amazon.in,"(Renewed) Amazon Brand - Solimo Premium High-Carbon Stainless Steel Detachable Kitchen Shears and Knife Set, 2-Pieces, Silver",KITCHEN_KNIFE,Silver,Stainless Steel,data/raw/images/small/b3/b36ba7fd.jpg,,
q009,"stainless steel kitchen knife set, not plastic handle",,B07PBBWVHY|amazon.in,Amazon Brand - Solimo Stainless Steel Vegetable Masher,KITCHEN_KNIFE,Silver,Plastic,data/raw/images/small/7e/7e129cbd.jpg,,
q009,"stainless steel kitchen knife set, not plastic handle",,B07P6XJRN3|amazon.in,Amazon Brand - Solimo Stainless Steel Bread Knife (20cm),KITCHEN_KNIFE,Silver,Plastic,data/raw/images/small/94/94ce4b0b.jpg,,
q009,"stainless steel kitchen knife set, not plastic handle",,B071SDYY6N|amazon.in,"Amazon Brand - Solimo Premium Stainless Steel Chef's Knife, Silver",KITCHEN_KNIFE,Silver,Stainless Steel,data/raw/images/small/b7/b7480275.jpg,,
q009,"stainless steel kitchen knife set, not plastic handle",,B07BPXMG9T|amazon.in,Amazon Brand - Solimo Plastic Kitchen Peeler - Green,FOOD_SLICER,Green,Plastic,data/raw/images/small/7c/7c777500.jpg,,
q009,"stainless steel kitchen knife set, not plastic handle",,B07PCCV91J|amazon.in,Amazon Brand - Solimo Utility Knife,KITCHEN_KNIFE,Silver,Plastic,data/raw/images/small/61/61de2c22.jpg,,
q010,"glass vase for flowers, transparent and tall, not ceramic",,B075HXLWTN|amazon.com,"Amazon Brand – Rivet Modern Angled Stoneware Home Decor Flower Vase - 9 Inch, White",VASE,,,data/raw/images/small/0b/0bc23401.jpg,,
q010,"glass vase for flowers, transparent and tall, not ceramic",,B078JMJC49|amazon.com,"Amazon Brand – Rivet Mid Century Modern Ceramic Home Decor Flower Vase - 12 Inch, Blue and Green",VASE,,Ceramic,data/raw/images/small/3a/3ae03d0d.jpg,,
q010,"glass vase for flowers, transparent and tall, not ceramic",,B086XH2CBN|amazon.ca,"AmazonCommercial Hospitality Glass Vase, 66.3 oz, Set of 2",FOOD_SERVICE_SUPPLY,Clear,,data/raw/images/small/24/24d65226.jpg,,
q010,"glass vase for flowers, transparent and tall, not ceramic",,B075HXLWT5|amazon.com,"Amazon Brand – Rivet Modern Angled Stoneware Vase, 5.5""H, White",VASE,,,data/raw/images/small/10/101ddf25.jpg,,
q010,"glass vase for flowers, transparent and tall, not ceramic",,B075HWDTMM|amazon.com,"Amazon Brand – Rivet Modern Angled Stoneware Home Decor Flower Vase - 12 Inch, White",VASE,,,data/raw/images/small/2e/2e8003e6.jpg,,
q010,"glass vase for flowers, transparent and tall, not ceramic",,B075HR7DM7|amazon.com,"Amazon Brand – Rivet Modern Angled Stoneware Vase, 5.25""H, White",VASE,,,data/raw/images/small/cb/cbc43f2f.jpg,,
q010,"glass vase for flowers, transparent and tall, not ceramic",,B075HXPFTG|amazon.com,"Amazon Brand – Rivet Modern Geometric Stoneware Home Decor Flower Vase - 6.9 Inch, White",VASE,White,,data/raw/images/small/4d/4de86a34.jpg,,
q010,"glass vase for flowers, transparent and tall, not ceramic",,B078JFFX4L|amazon.com,"Amazon Brand – Stone & Beam Modern Round Ceramic Home Decor Flower Vase - 7 Inch, Coral White Tan",VASE,,Ceramic,data/raw/images/small/19/194c7657.jpg,,
q010,"glass vase for flowers, transparent and tall, not ceramic",,B07QHL2D4B|amazon.com,"Amazon Brand – Rivet Modern Textured Stoneware Vase, 13.9""H, White",VASE,,stoneware,data/raw/images/small/b8/b8481cf2.jpg,,
q010,"glass vase for flowers, transparent and tall, not ceramic",,B075HWX46K|amazon.com,"Amazon Brand – Stone & Beam Modern Farmhouse Triangle Pattern Stoneware Home Decor Flower Vase - 9 x 6.6 Inches, Ecru White",VASE,White,,data/raw/images/small/bb/bbcc6f20.jpg,,
q010,"glass vase for flowers, transparent and tall, not ceramic",,B075HR7KY9|amazon.com,"Amazon Brand – Stone & Beam Modern Oval Pattern Decorative Stoneware Vase, 11.1 Inch Height, Off-White",VASE,White,,data/raw/images/small/88/88f337df.jpg,,
q010,"glass vase for flowers, transparent and tall, not ceramic",,B075HR4ZDB|amazon.com,"Amazon Brand – Stone & Beam Modern Decorative Ceramic Vase Decor With Geometric Pattern, 7.7 Inch Height, White",VASE,White,,data/raw/images/small/f1/f12a9d33.jpg,,
q010,"glass vase for flowers, transparent and tall, not ceramic",,B086K7LM66|amazon.co.uk,"AmazonCommercial Stemless Champagne Flute Glasses, 9.75 oz, Set of 12",DRINKING_CUP,Transparent,,data/raw/images/small/3c/3c3779eb.jpg,,
q010,"glass vase for flowers, transparent and tall, not ceramic",,B075HWX46N|amazon.com,"Amazon Brand – Stone & Beam Modern Crosshatch Home Decor Flower Vase - 11 Inch, Blue",VASE,,,data/raw/images/small/fa/faf1db43.jpg,,
q010,"glass vase for flowers, transparent and tall, not ceramic",,B078JGHZT3|amazon.com,"Amazon Brand – Stone & Beam Modern Ceramic Home Decor Flower Vase - 7 Inch, Teal White Tan",VASE,,,data/raw/images/small/11/1126ac72.jpg,,
q010,"glass vase for flowers, transparent and tall, not ceramic",,B078JJDPR2|amazon.com,"Amazon Brand – Stone & Beam Modern Ceramic Home Decor Flower Vase - 7 Inch, Teal White Tan",VASE,,,data/raw/images/small/37/3711eca6.jpg,,
q010,"glass vase for flowers, transparent and tall, not ceramic",,B078JGRLCJ|amazon.com,"Amazon Brand – Rivet Mid Century Modern Round Ceramic Home Decor Flower Vase - 5 Inch, Blue and Green",VASE,,Ceramic,data/raw/images/small/84/84bb0ce6.jpg,,
q010,"glass vase for flowers, transparent and tall, not ceramic",,B078JMJC46|amazon.com,"Amazon Brand – Stone & Beam Modern Ceramic Spotted Decor Planter Pot - 11 Inch, White and Terra Cotta",VASE,,,data/raw/images/small/0a/0a2efe1f.jpg,,
q010,"glass vase for flowers, transparent and tall, not ceramic",,B07HSMVFMP|amazon.com,"Amazon Brand – Stone & Beam Emerick Rustic Tall Stoneware Decor Vase with Geometric Pattern - 12 Inch, Brown and White",VASE,,stoneware,data/raw/images/small/95/9567e3b2.jpg,,
q010,"glass vase for flowers, transparent and tall, not ceramic",,B07JM6GHC8|amazon.com,"Amazon Brand – Stone & Beam Emerick Rustic Tall Stoneware Decor Vase with Geometric Pattern - 15 Inch, Brown and White",VASE,,stoneware,data/raw/images/small/60/60b1b8bd.jpg,,
q011,,data/raw/images/small/ce/ce04dd2a.jpg,B07D49ZZ6S|amazon.com,Amazon Basics Bed Frame,BED_FRAME,,,data/raw/images/small/24/24577cc9.jpg,,
q011,,data/raw/images/small/ce/ce04dd2a.jpg,B014GCABSI|amazon.com,"Brooklyn Bedding Super Duty High Rise Platform Frame, Full",BED_FRAME,Black,Steel,data/raw/images/small/8d/8d66af34.jpg,,
q011,,data/raw/images/small/ce/ce04dd2a.jpg,B086TGJFZK|amazon.com,"AmazonBasics Metal Bed with Modern Industrial Design Headboard - 14 Inch Height for Under-Bed Storage - Wood Slats - Easy Assemble, Full",BED,Black,Metal,data/raw/images/small/3b/3be12664.jpg,,
q011,,data/raw/images/small/ce/ce04dd2a.jpg,B07Y2D8SF7|amazon.in,AmazonBasics Adjustable Bed Base with No Massage - Full,BED_FRAME,black,,data/raw/images/small/6c/6ccba75d.jpg,,
q011,,data/raw/images/small/ce/ce04dd2a.jpg,B07K6M8HKR|amazon.com,"AmazonBasics Heavy Duty Non-Slip Bed Frame with Steel Slats, Easy Assembly - 14""H, Twin",BED_FRAME,Black,steel,data/raw/images/small/31/31bec002.jpg,,
q011,,data/raw/images/small/ce/ce04dd2a.jpg,B07K6MBGYH|amazon.com,"AmazonBasics Heavy Duty Non-Slip Bed Frame with Steel Slats, Easy Assembly - 14""H, Full",BED_FRAME,Black,steel,data/raw/images/small/df/df0c51e0.jpg,,
q011,,data/raw/images/small/ce/ce04dd2a.jpg,B014GCACKU|amazon.com,"Brooklyn Bedding Super Duty High Rise Platform Frame, Queen",BED_FRAME,Black,Steel,data/raw/images/small/b3/b3ea3d7b.jpg,,
q011,,data/raw/images/small/ce/ce04dd2a.jpg,B07D4BHP6T|amazon.com,Amazon Basics 9-Leg Support Metal Bed Frame - Strong Support for Box Spring and Mattress Set - Tool-Free Easy Assembly - Full Size Bed,BED_FRAME,Black,Steel,data/raw/images/small/24/24577cc9.jpg,,
q011,,data/raw/images/small/ce/ce04dd2a.jpg,B0869LMTKP|amazon.ca,"AmazonBasics Aurora Metal and Wood Platform Bed with Headboard - Wood Slat Support, King",BED,Black & Espresso,Metal,data/raw/images/small/d2/d2fbefe0.jpg,,
q011,,data/raw/images/small/ce/ce04dd2a.jpg,B014GCAARK|amazon.com,"Brooklyn Bedding Super Duty High Rise Platform Frame, Twin XL",BED_FRAME,Black,Steel,data/raw/images/small/33/338a004c.jpg,,
q011,,data/raw/images/small/ce/ce04dd2a.jpg,B088V8YGYM|amazon.com,"AmazonBasics Modern Faux-Linen Upholstered Bed Foundation - Dark Grey, King",BED,Gray,Wood,data/raw/images/small/52/521fc346.jpg,,
q011,,data/raw/images/small/ce/ce04dd2a.jpg,B086TGRSBG|amazon.com,"AmazonBasics Wood Platform Bed - Rustic Finish - No Box Spring Needed - Strong Wood Slat Support, King",BED,Rustic Teak,Wood,data/raw/images/small/59/59b5d509.jpg,,
q011,,data/raw/images/small/ce/ce04dd2a.jpg,B00AZ0MQZW|amazon.com,"DreamFoam Bedding Bedding Ultimate Dreams Genius Hi Rise Frame, California King",BED_FRAME,Black,Metal,data/raw/images/small/5d/5d904e8c.jpg,,
q011,,data/raw/images/small/ce/ce04dd2a.jpg,B07JZKSPY2|amazon.com,Amazon Basics 9-Leg Support Bed Frame - Strong Support for Box Spring and Mattress Set - Tool-Free Easy Assembly - King Size Bed,BED_FRAME,Black,Steel,data/raw/images/small/bc/bc4251e0.jpg,,
q011,,data/raw/images/small/ce/ce04dd2a.jpg,B00AZ0QH0M|amazon.com,"Dreamfoam Bedding Ultimate Dreams Genius Hi Rise Frame, Full",BED_FRAME,Black,Metal,data/raw/images/small/5d/5d904e8c.jpg,,
q011,,data/raw/images/small/ce/ce04dd2a.jpg,B07QD6TXWS|amazon.com,"Amazon Brand – Rivet Claremont Contemporary Nightstand with Tapered Legs, 20""W, Pale Wood and White",TABLE,White,Engineered Wood,data/raw/images/small/49/49bb682d.jpg,,
q011,,data/raw/images/small/ce/ce04dd2a.jpg,B082T8HXS5|amazon.ca,"AmazonBasics Mattress Foundation, Smart Box Spring, Tool-Free Easy Assembly - 7-Inch, King",HOME_FURNITURE_AND_DECOR,,,data/raw/images/small/05/0511e6f1.jpg,,
q011,,data/raw/images/small/ce/ce04dd2a.jpg,B086ND5RMY|amazon.in,"Upholstered Curve with Button Tufted Platform Bed/Mattress Foundation / Strong Wood Slat Support /Easy Assembly/Beige,King",BED,Beige,,data/raw/images/small/72/72e7608a.jpg,,
q011,,data/raw/images/small/ce/ce04dd2a.jpg,B00AZ0QIII|amazon.com,"Dreamfoam Bedding Ultimate Dreams Genius Hi Rise Frame, X-Long",BED_FRAME,Black,,data/raw/images/small/5d/5d904e8c.jpg,,
q012,,data/raw/images/small/fb/fb2a4da8.jpg,B07QLGRVPN|amazon.in,AmazonBasics Mid-Back Black Mesh Chair (Renewed),CHAIR,Black,Plastic,data/raw/images/small/24/244c03a7.jpg,,
q012,,data/raw/images/small/fb/fb2a4da8.jpg,B0792JGRNS|amazon.ca,Rivet Parks Mid-Century Modern Wingback Leather Chair,HOME_FURNITURE_AND_DECOR,,,data/raw/images/small/87/87b5de32.jpg,,
q012,,data/raw/images/small/fb/fb2a4da8.jpg,B07SSHYD2Z|amazon.co.uk,"AmazonBasics Swivel Office Chair with Medium Back and Armrest, Mesh Back, Black",HOME_FURNITURE_AND_DECOR,,,data/raw/images/small/42/42f0d7b1.jpg,,
q012,,data/raw/images/small/fb/fb2a4da8.jpg,B07QYB14F4|amazon.ca,AmazonBasics Low-Back Computer Task/Desk Chair with Swivel Casters - Red (Renewed),CHAIR,Red,mesh,data/raw/images/small/af/afeb9bb5.jpg,,
q012,,data/raw/images/small/fb/fb2a4da8.jpg,B07TTHJJKQ|amazon.com,"Amazon Brand – Rivet Malida Mid-Century Modern Faux Leather Open Back Swivel Kitchen Bar Stool, 41""H, Grey",STOOL_SEATING,Grey,,data/raw/images/small/f8/f837ac2a.jpg,,
q012,,data/raw/images/small/fb/fb2a4da8.jpg,B075Z6S94K|amazon.com,"Amazon Brand – Rivet Mid-Century Swope Curved Arm Swivel Office Chair, 26""W, Aqua",CHAIR,Teal,polyester/ Metal,data/raw/images/small/3b/3bf80762.jpg,,
q012,,data/raw/images/small/fb/fb2a4da8.jpg,B07HSKB7B4|amazon.com,"Amazon Brand – Stone & Beam Wickstrom Upholstered Dining Chair with Arms, 26""W, Slate Grey",STOOL_SEATING,Slate Gray,,data/raw/images/small/31/31be481c.jpg,,
q012,,data/raw/images/small/fb/fb2a4da8.jpg,B08568HG2X|amazon.com,"Amazon Brand – Rivet Decatur Modern Faux Leather Kitchen Counter-Height Stool, 37""H, Black",STOOL_SEATING,Black,,data/raw/images/small/90/90362fc5.jpg,,
q012,,data/raw/images/small/fb/fb2a4da8.jpg,B0854SBC3F|amazon.com,"Amazon Brand - Rivet Coen Contemporary Modern Upholstered Accent Swivel Chair, 30""W, Velvet Ink",CHAIR,Ink,Wood,data/raw/images/small/39/39bfa310.jpg,,
q012,,data/raw/images/small/fb/fb2a4da8.jpg,B07DBG291H|amazon.com,"Amazon Brand – Ravenna Home Amanda Curved Arm Upholstered Chair, 32.5""W, Dark Blue",CHAIR,Dark Blue,,data/raw/images/small/51/51fa5c94.jpg,,
q012,,data/raw/images/small/fb/fb2a4da8.jpg,B075Z9QBLL|amazon.com,Rivet Hengyin N/A Bar Stool,STOOL_SEATING,Rust Brown,,data/raw/images/small/34/34222a63.jpg,,
q012,,data/raw/images/small/fb/fb2a4da8.jpg,B0714QGRSL|amazon.com,"Amazon Brand – Rivet Andrews Contemporary Top-Grain Leather Chair, 40""W, Cognac",OTTOMAN,Cognac,leather,data/raw/images/small/bc/bca68cc4.jpg,,
q012,,data/raw/images/small/fb/fb2a4da8.jpg,B084W339RK|amazon.com,"Amazon Brand – Stone & Beam Vivianne Modern Upholstered Dining Chair with Casters, 24.4""W, Slate",CHAIR,Slate,,data/raw/images/small/25/25e0ab24.jpg,,
q012,,data/raw/images/small/fb/fb2a4da8.jpg,B071PDYXRQ|amazon.com,"Amazon Brand – Rivet Apex Modern Oversized Living Room Accent Chair, 42""W, Ash Grey",CHAIR,Ash Grey,Ash,data/raw/images/small/7a/7ad1daea.jpg,,
q012,,data/raw/images/small/fb/fb2a4da8.jpg,B07HYYJKMD|amazon.com,"Amazon Brand – Stone & Beam Clayton Reclining Contemporary Fabric Living-Room Chair, 30""W, Latte",CHAIR,Latte,Textile,data/raw/images/small/ce/ce7dd3ba.jpg,,
q012,,data/raw/images/small/fb/fb2a4da8.jpg,B07HSKXDRL|amazon.com,"Amazon Brand – Rivet Decatur Modern Kitchen Counter-Height Stool, 37""H, Chalk",STOOL_SEATING,Chalk,,data/raw/images/small/df/df9824b2.jpg,,
q012,,data/raw/images/small/fb/fb2a4da8.jpg,B085693MWK|amazon.com,"Amazon Brand – Rivet Decatur Modern Faux Leather Kitchen Bar Stool, 41""H, Tan Brown",STOOL_SEATING,Tan Brown,,data/raw/images/small/8e/8ebbcd18.jpg,,
q012,,data/raw/images/small/fb/fb2a4da8.jpg,B07PBZ3VCM|amazon.com,"Amazon Brand – Rivet Sloane Mid-Century Modern Armchair with Tapered Legs, 32.7""W, Emerald Green",OTTOMAN,Emerald Green,Wood,data/raw/images/small/fd/fdf9b0d9.jpg,,
q012,,data/raw/images/small/fb/fb2a4da8.jpg,B07QGWLBBC|amazon.com,"Amazon Brand – Rivet Contemporary Curved Channel-Back Dining Chair, 35""H, Forest",CHAIR,Forest,Wood,data/raw/images/small/11/11ecebc7.jpg,,
q012,,data/raw/images/small/fb/fb2a4da8.jpg,B07HSDWZ2L|amazon.com,"Amazon Brand – Stone & Beam Wickstrom Upholstered Counter-Height Bar Stool with Arms, 37""H, Caribbean Sand Beige",STOOL_SEATING,Caribean Sand Beige,stone,data/raw/images/small/dd/dda78316.jpg,,
q013,,data/raw/images/small/79/798608e4.jpg,B07QLGRVPN|amazon.in,AmazonBasics Mid-Back Black Mesh Chair (Renewed),CHAIR,Black,Plastic,data/raw/images/small/24/244c03a7.jpg,,
q013,,data/raw/images/small/79/798608e4.jpg,B07SSHYD2Z|amazon.co.uk,"AmazonBasics Swivel Office Chair with Medium Back and Armrest, Mesh Back, Black",HOME_FURNITURE_AND_DECOR,,,data/raw/images/small/42/42f0d7b1.jpg,,
q013,,data/raw/images/small/79/798608e4.jpg,B07QYB14F4|amazon.ca,AmazonBasics Low-Back Computer Task/Desk Chair with Swivel Casters - Red (Renewed),CHAIR,Red,mesh,data/raw/images/small/af/afeb9bb5.jpg,,
q013,,data/raw/images/small/79/798608e4.jpg,B081HWKWN6|amazon.co.uk,"UMI. by Amazon - Ergonomic office chair, Swivelling Mesh Computer Chair with Adjustable Lumbar Support and PU Armrests, Breathable Mesh Back and Padded Seat, 150 kg Max Load",ACCESSORY_OR_PART_OR_SUPPLY,Black,Alloy Steel,data/raw/images/small/ea/eac17d40.jpg,,
q013,,data/raw/images/small/79/798608e4.jpg,B081HX9SRM|amazon.co.uk,"UMI. by Amazon - Ergonomic office chair, Breathable High-Back Mesh Desk Chair with Adjustable Lumbar Support, 3D Armrests, Tilt Function and 360° Rotating Wheels",ACCESSORY_OR_PART_OR_SUPPLY,Black,Alloy Steel,data/raw/images/small/85/8552ae1a.jpg,,
q013,,data/raw/images/small/79/798608e4.jpg,B07R1PVS26|amazon.com,"AmazonBasics Pneumatic Shop Stool, Garage Seat with 300-Pound Capacity - Black",AUTO_ACCESSORY,black,,data/raw/images/small/b0/b028cd07.jpg,,
q013,,data/raw/images/small/79/798608e4.jpg,B07QX2BYDH|amazon.com,"AmazonBasics Gaming Computer Desk with Storage for Controller, Headphone & Speaker - Black",DESK,Black,Metal,data/raw/images/small/6c/6cb33140.jpg,,
q013,,data/raw/images/small/79/798608e4.jpg,B083739MDS|amazon.com,"AmazonBasics Pneumatic Shop Stool, Garage Seat with 300 lb Capacity - Black (Renewed)",AUTO_ACCESSORY,black,vinyl,data/raw/images/small/85/85a34a7e.jpg,,
q013,,data/raw/images/small/79/798608e4.jpg,B08568HG2X|amazon.com,"Amazon Brand – Rivet Decatur Modern Faux Leather Kitchen Counter-Height Stool, 37""H, Black",STOOL_SEATING,Black,,data/raw/images/small/90/90362fc5.jpg,,
q013,,data/raw/images/small/79/798608e4.jpg,B075Z9QBLL|amazon.com,Rivet Hengyin N/A Bar Stool,STOOL_SEATING,Rust Brown,,data/raw/images/small/34/34222a63.jpg,,
q013,,data/raw/images/small/79/798608e4.jpg,B07HSKXDRL|amazon.com,"Amazon Brand – Rivet Decatur Modern Kitchen Counter-Height Stool, 37""H, Chalk",STOOL_SEATING,Chalk,,data/raw/images/small/df/df9824b2.jpg,,
q013,,data/raw/images/small/79/798608e4.jpg,B0792JGRNS|amazon.ca,Rivet Parks Mid-Century Modern Wingback Leather Chair,HOME_FURNITURE_AND_DECOR,,,data/raw/images/small/87/87b5de32.jpg,,
q013,,data/raw/images/small/79/798608e4.jpg,B07HMPPZRN|amazon.com,"AmazonBasics Foldable Rocking Chair, Black",CHAIR,Black,Steel,data/raw/images/small/bb/bb309800.jpg,,
q013,,data/raw/images/small/79/798608e4.jpg,B07QW3JRT4|amazon.com,"AmazonBasics Gaming Computer Desk with Storage for Controller, Headphone & Speaker - Blue",DESK,Blue,Metal,data/raw/images/small/a4/a40b5e5b.jpg,,
q013,,data/raw/images/small/79/798608e4.jpg,B075Z6S94K|amazon.com,"Amazon Brand – Rivet Mid-Century Swope Curved Arm Swivel Office Chair, 26""W, Aqua",CHAIR,Teal,polyester/ Metal,data/raw/images/small/3b/3bf80762.jpg,,
q013,,data/raw/images/small/79/798608e4.jpg,B085693MWK|amazon.com,"Amazon Brand – Rivet Decatur Modern Faux Leather Kitchen Bar Stool, 41""H, Tan Brown",STOOL_SEATING,Tan Brown,,data/raw/images/small/8e/8ebbcd18.jpg,,
q013,,data/raw/images/small/79/798608e4.jpg,B07HSDWZ2L|amazon.com,"Amazon Brand – Stone & Beam Wickstrom Upholstered Counter-Height Bar Stool with Arms, 37""H, Caribbean Sand Beige",STOOL_SEATING,Caribean Sand Beige,stone,data/raw/images/small/dd/dda78316.jpg,,
q013,,data/raw/images/small/79/798608e4.jpg,B07MBFDQLY|amazon.com,"Amazon Brand – Ravenna Home Modern Dining Chair, 36 Inch Height, White, Set of 2",STOOL_SEATING,,,data/raw/images/small/6c/6c7942ef.jpg,,
q013,,data/raw/images/small/79/798608e4.jpg,B07TZRJSQG|amazon.com,"Amazon Brand – Rivet Whit Contemporary Upholstered Counter Height Stool with Gold Accents, 37""H, Chalk",STOOL_SEATING,Chalk,,data/raw/images/small/55/55697bc8.jpg,,
q013,,data/raw/images/small/79/798608e4.jpg,B07B4NWFW7|amazon.com,"Amazon Brand – Rivet Kaden Mid-Century Modern Adjustable Headrest Living Room Accent Chair, 35.8""W, Light Grey",OTTOMAN,Light Grey,,data/raw/images/small/03/03159901.jpg,,
q014,,data/raw/images/small/11/11b87755.jpg,B07QLGRVPN|amazon.in,AmazonBasics Mid-Back Black Mesh Chair (Renewed),CHAIR,Black,Plastic,data/raw/images/small/24/244c03a7.jpg,,
q014,,data/raw/images/small/11/11b87755.jpg,B07SSHYD2Z|amazon.co.uk,"AmazonBasics Swivel Office Chair with Medium Back and Armrest, Mesh Back, Black",HOME_FURNITURE_AND_DECOR,,,data/raw/images/small/42/42f0d7b1.jpg,,
q014,,data/raw/images/small/11/11b87755.jpg,B07QYB14F4|amazon.ca,AmazonBasics Low-Back Computer Task/Desk Chair with Swivel Casters - Red (Renewed),CHAIR,Red,mesh,data/raw/images/small/af/afeb9bb5.jpg,,
q014,,data/raw/images/small/11/11b87755.jpg,B0792JGRNS|amazon.ca,Rivet Parks Mid-Century Modern Wingback Leather Chair,HOME_FURNITURE_AND_DECOR,,,data/raw/images/small/87/87b5de32.jpg,,
q014,,data/raw/images/small/11/11b87755.jpg,B081HX9SRM|amazon.co.uk,"UMI. by Amazon - Ergonomic office chair, Breathable High-Back Mesh Desk Chair with Adjustable Lumbar Support, 3D Armrests, Tilt Function and 360° Rotating Wheels",ACCESSORY_OR_PART_OR_SUPPLY,Black,Alloy Steel,data/raw/images/small/85/8552ae1a.jpg,,
q014,,data/raw/images/small/11/11b87755.jpg,B081HWKWN6|amazon.co.uk,"UMI. by Amazon - Ergonomic office chair, Swivelling Mesh Computer Chair with Adjustable Lumbar Support and PU Armrests, Breathable Mesh Back and Padded Seat, 150 kg Max Load",ACCESSORY_OR_PART_OR_SUPPLY,Black,Alloy Steel,data/raw/images/small/ea/eac17d40.jpg,,
q014,,data/raw/images/small/11/11b87755.jpg,B08568HG2X|amazon.com,"Amazon Brand – Rivet Decatur Modern Faux Leather Kitchen Counter-Height Stool, 37""H, Black",STOOL_SEATING,Black,,data/raw/images/small/90/90362fc5.jpg,,
q014,,data/raw/images/small/11/11b87755.jpg,B07R1PVS26|amazon.com,"AmazonBasics Pneumatic Shop Stool, Garage Seat with 300-Pound Capacity - Black",AUTO_ACCESSORY,black,,data/raw/images/small/b0/b028cd07.jpg,,
q014,,data/raw/images/small/11/11b87755.jpg,B075Z6S94K|amazon.com,"Amazon Brand – Rivet Mid-Century Swope Curved Arm Swivel Office Chair, 26""W, Aqua",CHAIR,Teal,polyester/ Metal,data/raw/images/small/3b/3bf80762.jpg,,
q014,,data/raw/images/small/11/11b87755.jpg,B083739MDS|amazon.com,"AmazonBasics Pneumatic Shop Stool, Garage Seat with 300 lb Capacity - Black (Renewed)",AUTO_ACCESSORY,black,vinyl,data/raw/images/small/85/85a34a7e.jpg,,
q014,,data/raw/images/small/11/11b87755.jpg,B07HSKXDRL|amazon.com,"Amazon Brand – Rivet Decatur Modern Kitchen Counter-Height Stool, 37""H, Chalk",STOOL_SEATING,Chalk,,data/raw/images/small/df/df9824b2.jpg,,
q014,,data/raw/images/small/11/11b87755.jpg,B07TTHJJKQ|amazon.com,"Amazon Brand – Rivet Malida Mid-Century Modern Faux Leather Open Back Swivel Kitchen Bar Stool, 41""H, Grey",STOOL_SEATING,Grey,,data/raw/images/small/f8/f837ac2a.jpg,,
q014,,data/raw/images/small/11/11b87755.jpg,B075Z9QBLL|amazon.com,Rivet Hengyin N/A Bar Stool,STOOL_SEATING,Rust Brown,,data/raw/images/small/34/34222a63.jpg,,
q014,,data/raw/images/small/11/11b87755.jpg,B07HMPPZRN|amazon.com,"AmazonBasics Foldable Rocking Chair, Black",CHAIR,Black,Steel,data/raw/images/small/bb/bb309800.jpg,,
q014,,data/raw/images/small/11/11b87755.jpg,B07FQXYF8Z|amazon.sg,"AmazonBasics Wood Monitor Stand, Computer Riser",COMPUTER_ADD_ON,,,data/raw/images/small/40/4034db3a.jpg,,
q014,,data/raw/images/small/11/11b87755.jpg,B085693MWK|amazon.com,"Amazon Brand – Rivet Decatur Modern Faux Leather Kitchen Bar Stool, 41""H, Tan Brown",STOOL_SEATING,Tan Brown,,data/raw/images/small/8e/8ebbcd18.jpg,,
q014,,data/raw/images/small/11/11b87755.jpg,B07PBZ3VCM|amazon.com,"Amazon Brand – Rivet Sloane Mid-Century Modern Armchair with Tapered Legs, 32.7""W, Emerald Green",OTTOMAN,Emerald Green,Wood,data/raw/images/small/fd/fdf9b0d9.jpg,,
q014,,data/raw/images/small/11/11b87755.jpg,B07QGWLBBC|amazon.com,"Amazon Brand – Rivet Contemporary Curved Channel-Back Dining Chair, 35""H, Forest",CHAIR,Forest,Wood,data/raw/images/small/11/11ecebc7.jpg,,
q014,,data/raw/images/small/11/11b87755.jpg,B07HSDWZ2L|amazon.com,"Amazon Brand – Stone & Beam Wickstrom Upholstered Counter-Height Bar Stool with Arms, 37""H, Caribbean Sand Beige",STOOL_SEATING,Caribean Sand Beige,stone,data/raw/images/small/dd/dda78316.jpg,,
q014,,data/raw/images/small/11/11b87755.jpg,B07TZRJSQG|amazon.com,"Amazon Brand – Rivet Whit Contemporary Upholstered Counter Height Stool with Gold Accents, 37""H, Chalk",STOOL_SEATING,Chalk,,data/raw/images/small/55/55697bc8.jpg,,
q015,,data/raw/images/small/43/4334330e.jpg,B07DBCMTPB|amazon.com,"Amazon Brand – Ravenna Home Clear Ribbed Glass Cylinder Living Room Floor Lamp with LED Bulb - 64.25 Inches, Brushed Nickel",LAMP,Brushed Nickel,,data/raw/images/small/8a/8a5b0bcf.jpg,,
q015,,data/raw/images/small/43/4334330e.jpg,B0824F7ZLF|amazon.com,"Amazon Brand – Ravenna Home Traditional Metal Downbridge Floor Lamp with Adjustable Shade, LED Bulb Included, 58.25""H, Dark Bronze",LAMP,Dark Bronze,Metal,data/raw/images/small/6a/6ab19530.jpg,,
q015,,data/raw/images/small/43/4334330e.jpg,B0824F3KVZ|amazon.com,"Amazon Brand – Ravenna Home Contemporary Metal Table Lamp with Acrylic Accents, LED Bulb Included, 19.5""H, White",LAMP,White,Metal,data/raw/images/small/06/0644012a.jpg,,
q015,,data/raw/images/small/43/4334330e.jpg,B07QD5SXJH|amazon.in,"Rivet Modern Arc Floor Lamp with Bulb and Fabric Shade, 69""H, Antique Brass",LAMP,Brass,Fabric,data/raw/images/small/14/143e0106.jpg,,
q015,,data/raw/images/small/43/4334330e.jpg,B075X3S2Z6|amazon.ca,"Rivet Retro Two-Orb Tree Lamp with Bulbs, 65"" H, White and Brass",CONSUMER_ELECTRONICS,Brass/White,Metal+Glass,data/raw/images/small/46/46108133.jpg,,
q015,,data/raw/images/small/43/4334330e.jpg,B0824FLNCJ|amazon.com,"Amazon Brand – Ravenna Home Contemporary Metal Table Lamp with Mercury Glass Accent, LED Bulb Included, 28.5""H, Polished Nickel",LAMP,Chrome,Metal,data/raw/images/small/9b/9b44f881.jpg,,
q015,,data/raw/images/small/43/4334330e.jpg,B0825CXG8H|amazon.com,"Amazon Brand – Rivet Mid-Century Modern Metal Starburst Table Lamp, LED Bulb Included, 24.5""H, Antique Gold",LAMP,Antique Gold,Metal,data/raw/images/small/a8/a893b327.jpg,,
q015,,data/raw/images/small/43/4334330e.jpg,B0742DNY41|amazon.sg,"Rivet Marble and Brass Floor Lamp, Avery, 63""H, With Bulb",LAMP,Antique Brass,Metal+Marble,data/raw/images/small/55/552c9245.jpg,,
q015,,data/raw/images/small/43/4334330e.jpg,B0825D87LB|amazon.com,"Amazon Brand – Stone & Beam Contemporary Glass Table Lamp with Narrow-Necked Body, LED Bulb Included, 20.25""H, Clear",LAMP,Clear,Glass,data/raw/images/small/99/9913f3e9.jpg,,
q015,,data/raw/images/small/43/4334330e.jpg,B0825DN9JL|amazon.com,"Amazon Brand – Stone & Beam Contemporary Curved Glass Table Lamp, LED Bulb Included, 19.25""H, Clear",LAMP,Clear,Glass,data/raw/images/small/0b/0baa055f.jpg,,
q015,,data/raw/images/small/43/4334330e.jpg,B07B4SCBPS|amazon.in,"Rivet Mid-Century Modern Task Lamp, 21""H, with Bulb, Matte White",LAMP,Matte White,Metal,data/raw/images/small/d1/d1105309.jpg,,
q015,,data/raw/images/small/43/4334330e.jpg,B07MBFD6F9|amazon.com,"Amazon Brand – Ravenna Home Metal Table Lamp with LED Light Bulb, 20""H, Dark Bronze",LAMP,Black,,data/raw/images/small/d1/d175ab22.jpg,,
q015,,data/raw/images/small/43/4334330e.jpg,B07K51RSQ6|amazon.co.uk,"Umi. by Amazon Table Lamp, Fabric Shade with Rectangular Wood Base, 11.2'' (28.45 cm)",LAMP,Nickel,,data/raw/images/small/31/316353d9.jpg,,
q015,,data/raw/images/small/43/4334330e.jpg,B07MBFDHMH|amazon.com,"Amazon Brand – Stone & Beam Table Lamp with Textured Ceramic Base, Bulb Included, 15""H, Crackle White",LAMP,Crackle White,ceramic,data/raw/images/small/93/93809081.jpg,,
q015,,data/raw/images/small/43/4334330e.jpg,B07MHMR8FV|amazon.com,"Amazon Brand – Stone & Beam Task Lamp with Rotary Switch on the Base and LED Light Bulb - 21.5-Inch, Black / Brushed Nickel",LAMP,Black,,data/raw/images/small/2d/2d353619.jpg,,
q015,,data/raw/images/small/43/4334330e.jpg,B073772TP9|amazon.com,"Amazon Brand – Stone & Beam Modern Slate Rock Table Desk Lamp with Light Bulb And Linen Shade,16""H, Polished Nickel",LAMP,Polished Nickel,Polyresin+Metal+Fabric,data/raw/images/small/0e/0eaef55c.jpg,,
q015,,data/raw/images/small/43/4334330e.jpg,B07B4ZP62F|amazon.com,"Amazon Brand – Rivet Mid-Century Modern Ceiling Hanging Glass Globe Pendant Fixture With Light Bulb - 5 x 5x 10 Inches, Matte Black",LIGHT_FIXTURE,Matte Black,Glass,data/raw/images/small/b1/b19ca854.jpg,,
q015,,data/raw/images/small/43/4334330e.jpg,B07B4YVX5Q|amazon.com,"Amazon Brand – Stone & Beam Schoolhouse Vanity Fixture With 3 Light Bulbs And Glass Opal Shades - 23.25 x 9.5 x 10 Inches, Matte Black",LIGHT_FIXTURE,Matte Black With Opal Shade,,data/raw/images/small/aa/aa26c8a0.jpg,,
q015,,data/raw/images/small/43/4334330e.jpg,B07B4Z9PKC|amazon.com,"Amazon Brand – Rivet Mid-Century Modern Sputnik Glass Globe Ceiling Pendant Chandelier Fixture With 7 Light Bulbs - 22.5 x 22.5 x 24 Inches, Matte Black",LIGHT_FIXTURE,Matte Black,,data/raw/images/small/5e/5e3f0a24.jpg,,
q015,,data/raw/images/small/43/4334330e.jpg,B07JQB4FTS|amazon.com,"Amazon Brand – Rivet Mid-Century Modern Glass Globe Flush-Mount Ceiling Fixture with Light Bulb - 8.87 x 7 x 7 Inches, Black",LIGHT_FIXTURE,Black,Glass,data/raw/images/small/ad/ad77d819.jpg,,
q016,"similar style, but in black and not for dining",data/raw/images/small/3e/3ed459ef.jpg,B07XZKBMLS|amazon.in,"AmazonBasics Adjustable Patio Hanging Umbrella with Cantilever and Steel Frame - 10 Foot, Beige",UMBRELLA,Beige,,data/raw/images/small/3f/3f81bc6d.jpg,,
q016,"similar style, but in black and not for dining",data/raw/images/small/3e/3ed459ef.jpg,B07XZK5XB9|amazon.ca,"AmazonBasics Adjustable Patio Hanging Umbrella with Cantilever and Steel Frame - 10 Foot, Taupe Brown",UMBRELLA,Taupe Brown,,data/raw/images/small/c2/c2731b9e.jpg,,
q016,"similar style, but in black and not for dining",data/raw/images/small/3e/3ed459ef.jpg,B000W9F9AK|primenow.amazon.com,Strathwood St. Thomas Aluminum Market Umbrella,UMBRELLA,,Aluminum,data/raw/images/small/a3/a36e8df2.jpg,,
q016,"similar style, but in black and not for dining",data/raw/images/small/3e/3ed459ef.jpg,B07YZT1DGN|amazon.com,"AmazonBasics Outdoor Market Patio Steel Umbrella - 9 Foot, Taupe Brown",UMBRELLA,Taupe Brown,polyester,data/raw/images/small/a8/a8f71ed9.jpg,,
q016,"similar style, but in black and not for dining",data/raw/images/small/3e/3ed459ef.jpg,B00GBVDYRS|amazon.com,Strathwood Whidbey Cast-Aluminum 8 ft. Market Umbrella,OUTDOOR_LIVING,,polyester,data/raw/images/small/c2/c2c2b93f.jpg,,
q016,"similar style, but in black and not for dining",data/raw/images/small/3e/3ed459ef.jpg,B07BK4P5PX|amazon.co.uk,"AmazonBasics Outdoor Patio Umbrella, 2.74 Meters, Striped Dark Blue and White",UMBRELLA,Striped Dark Blue/White,Polyester,data/raw/images/small/56/5645f793.jpg,,
q016,"similar style, but in black and not for dining",data/raw/images/small/3e/3ed459ef.jpg,B07YZV1Z5M|amazon.com,"AmazonBasics Outdoor Market Patio Steel Umbrella - 9 Foot, White",UMBRELLA,White,polyester,data/raw/images/small/7f/7fd81ece.jpg,,
q016,"similar style, but in black and not for dining",data/raw/images/small/3e/3ed459ef.jpg,B000KBLN96|amazon.com,"Strathwood 6-Foot Olefin Market Umbrella, Hunter",OUTDOOR_LIVING,Hunter,,data/raw/images/small/ac/ace9c713.jpg,,
q016,"similar style, but in black and not for dining",data/raw/images/small/3e/3ed459ef.jpg,B07YG8QZ45|amazon.com.au,"AmazonBasics Oversize Outdoor Market Patio Umbrella with Base - 15 x 6.9 Feet, Burgundy Red",UMBRELLA,Burgundy Red,,data/raw/images/small/ed/ed60b249.jpg,,
q016,"similar style, but in black and not for dining",data/raw/images/small/3e/3ed459ef.jpg,B07FCRBWJB|amazon.com.au,"AmazonBasics Beach Sun Umbrella, Yellow Striped",UMBRELLA,Yellow Striped,,data/raw/images/small/b2/b256b5ec.jpg,,
q016,"similar style, but in black and not for dining",data/raw/images/small/3e/3ed459ef.jpg,B008U4QI18|amazon.com,Strathwood Rhodes Market Umbrella,OUTDOOR_LIVING,Black,Aluminum,data/raw/images/small/41/41fcf684.jpg,,
q016,"similar style, but in black and not for dining",data/raw/images/small/3e/3ed459ef.jpg,B07BK3R536|amazon.com,"AmazonBasics JC011, White Patio Umbrella-9-Foot",UMBRELLA,White,polyester,data/raw/images/small/cb/cb107d07.jpg,,
q016,"similar style, but in black and not for dining",data/raw/images/small/3e/3ed459ef.jpg,B07BK4RDZN|amazon.ae,"AmazonBasics JC014 Patio Umbrella-9-Foot, Striped Beige/White",UMBRELLA,Striped Beige/White,,data/raw/images/small/24/2476a979.jpg,,
q016,"similar style, but in black and not for dining",data/raw/images/small/3e/3ed459ef.jpg,B076N5V6LN|amazon.ca,"AmazonBasics Pop-Up Canopy Tent, 10 x 10 Foot, Grey",FREESTANDING_SHELTER,Grey,Polyester,data/raw/images/small/cf/cfc7b0fd.jpg,,
q016,"similar style, but in black and not for dining",data/raw/images/small/3e/3ed459ef.jpg,B081NXY9KN|amazon.com.au,"AmazonBasics Event Shelter, 3.65 x 3.65 m",UMBRELLA,,,data/raw/images/small/12/12c94a94.jpg,,
q016,"similar style, but in black and not for dining",data/raw/images/small/3e/3ed459ef.jpg,B07GDKJVTN|amazon.in,"Amazon Brand - Solimo Oblique Silicone Ice Mould, Black",FOOD_PREPARATION_MOLD,Black,Silicone,data/raw/images/small/ea/ea37c787.jpg,,
q016,"similar style, but in black and not for dining",data/raw/images/small/3e/3ed459ef.jpg,B07GF762PX|amazon.in,"Amazon Brand - Solimo 24 Cavity Silicone Ice Mould, Black",FOOD_PREPARATION_MOLD,Black,Silicone,data/raw/images/small/7d/7d5980a7.jpg,,
q016,"similar style, but in black and not for dining",data/raw/images/small/3e/3ed459ef.jpg,B07PZ7RXHD|amazon.ca,"AmazonBasics Anti-Fatigue Mat Single-Layer Foam Ribbed 3/8"", 3x5 Black",JANITORIAL_SUPPLY,Black,,data/raw/images/small/ac/aca292a1.jpg,,
q016,"similar style, but in black and not for dining",data/raw/images/small/3e/3ed459ef.jpg,B07Y613GT7|amazon.co.uk,"AmazonBasics Heavy-Weight Plastic Spoons, Black, 250-Pack",FOOD_SERVICE_SUPPLY,black,,data/raw/images/small/de/dee93b56.jpg,,
q016,"similar style, but in black and not for dining",data/raw/images/small/3e/3ed459ef.jpg,B07Y613GT3|amazon.co.uk,"AmazonBasics Heavy-Weight Plastic Spoons, Black, 500-Pack",FOOD_SERVICE_SUPPLY,black,Plastic,data/raw/images/small/3b/3b229bb4.jpg,,
q017,"same shape but wooden, not metal",data/raw/images/small/63/63b92106.jpg,B0792JGRNS|amazon.ca,Rivet Parks Mid-Century Modern Wingback Leather Chair,HOME_FURNITURE_AND_DECOR,,,data/raw/images/small/87/87b5de32.jpg,,
q017,"same shape but wooden, not metal",data/raw/images/small/63/63b92106.jpg,B07HSKB7B4|amazon.com,"Amazon Brand – Stone & Beam Wickstrom Upholstered Dining Chair with Arms, 26""W, Slate Grey",STOOL_SEATING,Slate Gray,,data/raw/images/small/31/31be481c.jpg,,
q017,"same shape but wooden, not metal",data/raw/images/small/63/63b92106.jpg,B07DBF3V6X|amazon.com,"Amazon Brand – Ravenna Home Semple Button Tufted Nailhead Trim Accent Chair, 33""W, Linen",CHAIR,Linen,Linen,data/raw/images/small/57/577340eb.jpg,,
q017,"same shape but wooden, not metal",data/raw/images/small/63/63b92106.jpg,B07DBG291H|amazon.com,"Amazon Brand – Ravenna Home Amanda Curved Arm Upholstered Chair, 32.5""W, Dark Blue",CHAIR,Dark Blue,,data/raw/images/small/51/51fa5c94.jpg,,
q017,"same shape but wooden, not metal",data/raw/images/small/63/63b92106.jpg,B082VMWB4G|amazon.com,"Amazon Brand – Rivet Jamie Upholstered Mid-Century Modern Low Arm Accent Chair, 31""W, Chalk",CHAIR,Chalk,Polyester,data/raw/images/small/4c/4c39fb52.jpg,,
q017,"same shape but wooden, not metal",data/raw/images/small/63/63b92106.jpg,B07HYYJKMD|amazon.com,"Amazon Brand – Stone & Beam Clayton Reclining Contemporary Fabric Living-Room Chair, 30""W, Latte",CHAIR,Latte,Textile,data/raw/images/small/ce/ce7dd3ba.jpg,,
q017,"same shape but wooden, not metal",data/raw/images/small/63/63b92106.jpg,B0011MXVLQ|amazon.ca,"Pinzon Hardwood Lounge Chair with Sand Polyblend Upholstery, Java",CHAIR,,,data/raw/images/small/b9/b908f3ab.jpg,,
q017,"same shape but wooden, not metal",data/raw/images/small/63/63b92106.jpg,B07PBZ3VCM|amazon.com,"Amazon Brand – Rivet Sloane Mid-Century Modern Armchair with Tapered Legs, 32.7""W, Emerald Green",OTTOMAN,Emerald Green,Wood,data/raw/images/small/fd/fdf9b0d9.jpg,,
q017,"same shape but wooden, not metal",data/raw/images/small/63/63b92106.jpg,B075X4YDCR|amazon.com,"Amazon Brand – Stone & Beam St. Cloud Modern Armless Accent Chair, 32""W, Bear",CHAIR,Bear,stone,data/raw/images/small/4d/4db3e4e0.jpg,,
q017,"same shape but wooden, not metal",data/raw/images/small/63/63b92106.jpg,B07JY3NNPK|amazon.com,"Amazon Brand – Stone & Beam Pinebrook Traditional Recliner, Fabric, 39""W, Stone",CHAIR,Stone,Textile,data/raw/images/small/f3/f398bf42.jpg,,
q017,"same shape but wooden, not metal",data/raw/images/small/63/63b92106.jpg,B0714QGRSL|amazon.com,"Amazon Brand – Rivet Andrews Contemporary Top-Grain Leather Chair, 40""W, Cognac",OTTOMAN,Cognac,leather,data/raw/images/small/bc/bca68cc4.jpg,,
q017,"same shape but wooden, not metal",data/raw/images/small/63/63b92106.jpg,B000S6M3W4|amazon.co.uk,Strathwood Griffen All-Weather Garden Furniture Garden Furniture - Wicker / Poly Rattan Chair Dark Brown,OUTDOOR_LIVING,Dark Brown,Fabric,data/raw/images/small/a3/a3e8ee5e.jpg,,
q017,"same shape but wooden, not metal",data/raw/images/small/63/63b92106.jpg,B07HSBJ5D6|amazon.com,"Amazon Brand – Rivet Dunford Modern Kitchen Dining Chair, 33 Inch Height, Ivory",CHAIR,Ivory,Wood,data/raw/images/small/e8/e81fbd12.jpg,,
q017,"same shape but wooden, not metal",data/raw/images/small/63/63b92106.jpg,B071PDYXRQ|amazon.com,"Amazon Brand – Rivet Apex Modern Oversized Living Room Accent Chair, 42""W, Ash Grey",CHAIR,Ash Grey,Ash,data/raw/images/small/7a/7ad1daea.jpg,,
q017,"same shape but wooden, not metal",data/raw/images/small/63/63b92106.jpg,B084W339RK|amazon.com,"Amazon Brand – Stone & Beam Vivianne Modern Upholstered Dining Chair with Casters, 24.4""W, Slate",CHAIR,Slate,,data/raw/images/small/25/25e0ab24.jpg,,
q017,"same shape but wooden, not metal",data/raw/images/small/63/63b92106.jpg,B08DWM1GZK|amazon.com,"AmazonBasics 55"" L-Shape Office Corner Desk - Natural",DESK,Natural,Engineered Wood,data/raw/images/small/32/3243e9c4.jpg,,
q017,"same shape but wooden, not metal",data/raw/images/small/63/63b92106.jpg,B0869LMTKP|amazon.ca,"AmazonBasics Aurora Metal and Wood Platform Bed with Headboard - Wood Slat Support, King",BED,Black & Espresso,Metal,data/raw/images/small/d2/d2fbefe0.jpg,,
q017,"same shape but wooden, not metal",data/raw/images/small/63/63b92106.jpg,B08DWMY83P|amazon.com,"AmazonBasics 55"" L-Shape Office Corner Desk - Black",DESK,Black,Engineered Wood,data/raw/images/small/32/3243e9c4.jpg,,
q017,"same shape but wooden, not metal",data/raw/images/small/63/63b92106.jpg,B078JM9XSJ|amazon.com,"Amazon Brand – Stone & Beam Modern Farmhouse Wood and Galvanized Metal Decor Storage Bin Basket - 15.75 Inch, White Washed",STORAGE_BOX,,,data/raw/images/small/94/943130d5.jpg,,
q017,"same shape but wooden, not metal",data/raw/images/small/63/63b92106.jpg,B07B813LW1|amazon.com,"Amazon Brand – Rivet Mid-Century Modern Industrial Metal Buffet Credenza, 28 Inch Height, Beige, Wood",CABINET,Beige,Iron,data/raw/images/small/12/123a1b5e.jpg,,
q018,"larger size of a similar item, not a small one",data/raw/images/small/a6/a65e6e2c.jpg,B07HMPPZRN|amazon.com,"AmazonBasics Foldable Rocking Chair, Black",CHAIR,Black,Steel,data/raw/images/small/bb/bb309800.jpg,,
q018,"larger size of a similar item, not a small one",data/raw/images/small/a6/a65e6e2c.jpg,B0896G6LPJ|amazon.in,Camping Chair,FURNITURE,Blue,Metal,data/raw/images/small/fe/fe3a359e.jpg,,
q018,"larger size of a similar item, not a small one",data/raw/images/small/a6/a65e6e2c.jpg,B07SXC4H2M|amazon.ca,AmazonBasics Foldable Rocking Chair with Canopy - Beige (Renewed),CHAIR,Beige,Alloy Steel,data/raw/images/small/31/3100f046.jpg,,
q018,"larger size of a similar item, not a small one",data/raw/images/small/a6/a65e6e2c.jpg,B00GJTGCZI|amazon.com,Strathwood 5-Piece Aluminum Sling Outdoor Furniture Set,OUTDOOR_LIVING,,Aluminum/Sling,data/raw/images/small/3b/3b8b2bda.jpg,,
q018,"larger size of a similar item, not a small one",data/raw/images/small/a6/a65e6e2c.jpg,B07K4QWL7F|amazon.in,AmazonBasics Outdoor PE Wicker Rattan Hanging Chair with Stand,OUTDOOR_LIVING,Beige,Rattan,data/raw/images/small/e6/e66223b5.jpg,,
q018,"larger size of a similar item, not a small one",data/raw/images/small/a6/a65e6e2c.jpg,B07JMJCTQP|amazon.in,AmazonBasics High-Back Chair Outdoor Patio Furniture Cover,OUTDOOR_LIVING,,,data/raw/images/small/88/88ab19e3.jpg,,
q018,"larger size of a similar item, not a small one",data/raw/images/small/a6/a65e6e2c.jpg,B0006Q5UY4|amazon.com,"Strathwood Chaise Cushon, Boxwood with Bluegrass Headrest",OUTDOOR_LIVING,Boxwood,,data/raw/images/small/0a/0a96aebd.jpg,,
q018,"larger size of a similar item, not a small one",data/raw/images/small/a6/a65e6e2c.jpg,B000W9DYJ8|amazon.com,Strathwood Camano All-Weather Wicker and Steel Swing with Canopy,OUTDOOR_LIVING,,,data/raw/images/small/ef/ef5ff31e.jpg,,
q018,"larger size of a similar item, not a small one",data/raw/images/small/a6/a65e6e2c.jpg,B07DBG291H|amazon.com,"Amazon Brand – Ravenna Home Amanda Curved Arm Upholstered Chair, 32.5""W, Dark Blue",CHAIR,Dark Blue,,data/raw/images/small/51/51fa5c94.jpg,,
q018,"larger size of a similar item, not a small one",data/raw/images/small/a6/a65e6e2c.jpg,B000S6M3W4|amazon.co.uk,Strathwood Griffen All-Weather Garden Furniture Garden Furniture - Wicker / Poly Rattan Chair Dark Brown,OUTDOOR_LIVING,Dark Brown,Fabric,data/raw/images/small/a3/a3e8ee5e.jpg,,
q018,"larger size of a similar item, not a small one",data/raw/images/small/a6/a65e6e2c.jpg,B0792JGRNS|amazon.ca,Rivet Parks Mid-Century Modern Wingback Leather Chair,HOME_FURNITURE_AND_DECOR,,,data/raw/images/small/87/87b5de32.jpg,,
q018,"larger size of a similar item, not a small one",data/raw/images/small/a6/a65e6e2c.jpg,B000HBYIJ6|amazon.com,Strathwood Balboa Deep Seat Armless Chair with Cushion,CHAIR,,Wood,data/raw/images/small/9d/9d12e37f.jpg,,
q018,"larger size of a similar item, not a small one",data/raw/images/small/a6/a65e6e2c.jpg,B07XLN3MXM|amazon.ca,AmazonBasics Outdoor Patio Steel Gliding Bench – Black,BENCH,Black,,data/raw/images/small/2b/2b7c7a15.jpg,,
q018,"larger size of a similar item, not a small one",data/raw/images/small/a6/a65e6e2c.jpg,B00LFIZ754|amazon.in,AmazonBasics Sectional Armless Lounge Chair Cover,FURNITURE_COVER,,Polyester,data/raw/images/small/de/debab63b.jpg,,
q018,"larger size of a similar item, not a small one",data/raw/images/small/a6/a65e6e2c.jpg,B07HYYJKMD|amazon.com,"Amazon Brand – Stone & Beam Clayton Reclining Contemporary Fabric Living-Room Chair, 30""W, Latte",CHAIR,Latte,Textile,data/raw/images/small/ce/ce7dd3ba.jpg,,
q018,"larger size of a similar item, not a small one",data/raw/images/small/a6/a65e6e2c.jpg,B07K23YLR8|amazon.co.uk,"UMI. by Amazon Dresser Drawer Organiser, Set of 6 Closet Underwear Organisers Drawer Dividers Folding Storage Bins Box Containers for Bras Socks Ties Scarves, Grey/White Zigzag",CAN_OPENER,Grey,fabric,data/raw/images/small/9a/9ac559b7.jpg,,
q018,"larger size of a similar item, not a small one",data/raw/images/small/a6/a65e6e2c.jpg,B07X3ZD49J|amazon.co.uk,"UMI. by Amazon Dresser Drawer Organiser, Set of 6 Closet Underwear Organisers Drawer Dividers Folding Storage Bins Box Containers for Bras Socks Ties Scarves, Grey Twig Stripes",STORAGE_BOX,Grey Twig Stripes,,data/raw/images/small/6d/6d1b6b39.jpg,,
q018,"larger size of a similar item, not a small one",data/raw/images/small/a6/a65e6e2c.jpg,B07DQWT15Y|amazon.sg,"AmazonBasics Small Digital Alarm Clock with Nightlight and Battery Backup, LED Display",CLOCK,,,data/raw/images/small/64/64d1a97a.jpg,,
q018,"larger size of a similar item, not a small one",data/raw/images/small/a6/a65e6e2c.jpg,B07SG95W2W|amazon.com.au,"AmazonBasics Platform Cat Tree - Small, Beige (Renewed)",PET_SUPPLIES,Beige,,data/raw/images/small/51/51882b68.jpg,,
q018,"larger size of a similar item, not a small one",data/raw/images/small/a6/a65e6e2c.jpg,B07VD8MWGC|amazon.in,"Amazon Brand - Solimo 4 Piece Storage Basket Set, Beige",BASKET,Biege,Plastic,data/raw/images/small/c0/c0908986.jpg,,
q019,"similar visual but for a kitchen, not a bedroom",data/raw/images/small/97/97628e73.jpg,B07ZG3SHPD|amazon.in,"(Renewed) Amazon Brand - Solimo 3-Piece Airtight Plastic Kitchen Storage Container Set, 500ml, Blue",JAR,Blue,Plastic,data/raw/images/small/70/70b8ae88.jpg,,
q019,"similar visual but for a kitchen, not a bedroom",data/raw/images/small/97/97628e73.jpg,B0852ZYV7H|amazon.in,"(Renewed) Amazon Brand - Solimo Plastic Kitchen Storage Container Set, 1 Litre, 6-Pieces, Blue",JAR,Blue,Plastic,data/raw/images/small/da/dad25f11.jpg,,
q019,"similar visual but for a kitchen, not a bedroom",data/raw/images/small/97/97628e73.jpg,B082MLBYMV|amazon.in,"(Renewed) Amazon Brand - Solimo Plastic Kitchen Storage Container Set, 750ml, 8-Pieces, Transparent",JAR,Red,Plastic,data/raw/images/small/01/0139684c.jpg,,
q019,"similar visual but for a kitchen, not a bedroom",data/raw/images/small/97/97628e73.jpg,B07WZLYS4Q|amazon.in,"(Renewed) Amazon Brand - Solimo Plastic Storage Bottle Set, 1 Litre, Set of 3, Multicolour",JAR,Multicolour,Plastic,data/raw/images/small/4c/4cc2e394.jpg,,
q019,"similar visual but for a kitchen, not a bedroom",data/raw/images/small/97/97628e73.jpg,B07ZG5PW39|amazon.in,"(Renewed) Amazon Brand - Solimo Set of 3 Grocery Jar (450ml), Blue",JAR,Blue,Plastic,data/raw/images/small/d5/d5c024dc.jpg,,
q019,"similar visual but for a kitchen, not a bedroom",data/raw/images/small/97/97628e73.jpg,B07XGN4JQT|amazon.in,"(Renewed) Amazon Brand - Solimo Storage Container Set, 8-Pieces, Blue",JAR,Blue,Plastic,data/raw/images/small/6a/6a085e59.jpg,,
q019,"similar visual but for a kitchen, not a bedroom",data/raw/images/small/97/97628e73.jpg,B07TRDYK3J|amazon.in,"(Renewed) Amazon Brand - Solimo Plastic Water Bottle Set with Flip Cap (Set of 6, 1L, Circular Pattern)",BOTTLE,Multicolour,Plastic,data/raw/images/small/52/52acaec1.jpg,,
q019,"similar visual but for a kitchen, not a bedroom",data/raw/images/small/97/97628e73.jpg,B07ZLWZTMK|amazon.com,"(Renewed) Amazon Brand - Solimo Stainless Steel Storage Bowls Set, 18 cm, 3-Pieces, Silver",DISHWARE_BOWL,Silver,Stainless Steel,data/raw/images/small/aa/aa442b15.jpg,,
q019,"similar visual but for a kitchen, not a bedroom",data/raw/images/small/97/97628e73.jpg,B0843R7SXN|amazon.in,(Renewed) Amazon Brand - Solimo 3-Piece Stainless Steel Canister Set,JAR,Silver,Stainless Steel,data/raw/images/small/4e/4ee378db.jpg,,
q019,"similar visual but for a kitchen, not a bedroom",data/raw/images/small/97/97628e73.jpg,B07X3XZHDL|amazon.in,(Renewed) Amazon Brand - Solimo Checkered Airtight Jar Set of 15,JAR,Transparent,Plastic,data/raw/images/small/3a/3a578d70.jpg,,
q019,"similar visual but for a kitchen, not a bedroom",data/raw/images/small/97/97628e73.jpg,B07RX8DBH4|amazon.in,"(Renewed) Amazon Brand - Solimo Plastic Water Bottle Set, 6-Pieces, Multicolour (CHEMCO10)",BOTTLE,Multicolour,Plastic,data/raw/images/small/57/57808ab6.jpg,,
q019,"similar visual but for a kitchen, not a bedroom",data/raw/images/small/97/97628e73.jpg,B07XWSJVKT|amazon.in,"(Renewed) Amazon Brand - Solimo Plastic Water Bottle Set with Flip cap (Set of 6, 975ml, Multicolor)",BOTTLE,Multicolour,Plastic,data/raw/images/small/d7/d7f36556.jpg,,
q019,"similar visual but for a kitchen, not a bedroom",data/raw/images/small/97/97628e73.jpg,B07XKBFPST|amazon.in,(Renewed) Amazon Brand - Solimo Checkered Airtight Jar Set of 12,JAR,Transparent,Plastic,data/raw/images/small/bb/bb611db0.jpg,,
q019,"similar visual but for a kitchen, not a bedroom",data/raw/images/small/97/97628e73.jpg,B07WCCTJTT|amazon.in,"(Renewed) Amazon Brand - Solimo Plastic Lunch Box with Bag, Set of 4, Blue",KITCHEN,Blue,Plastic,data/raw/images/small/32/32712b47.jpg,,
q019,"similar visual but for a kitchen, not a bedroom",data/raw/images/small/97/97628e73.jpg,B082PTH87V|amazon.in,"(Renewed) Amazon Brand - Solimo Frigo Plastic Water Bottle Set, Set of 3, 1L, Multicolour",BOTTLE,Multicolour,Plastic,data/raw/images/small/76/7609171b.jpg,,
q019,"similar visual but for a kitchen, not a bedroom",data/raw/images/small/97/97628e73.jpg,B07W4FDTH7|amazon.co.uk,"UMI. Essentials Rustic Floating Shelf Metal Wire Wall Mounted Storage Shelves for Living Room Kitchen Office, 3 Pack",SHELF,,,data/raw/images/small/14/14a9c7a5.jpg,,
q019,"similar visual but for a kitchen, not a bedroom",data/raw/images/small/97/97628e73.jpg,B086213X6K|amazon.co.uk,UMI. by Amazon Large Square Skeleton Wall clock 25 inches with Roman Numerals Big Oversized Kitchen Wall Clocks for Home Living Room,CLOCK,"Square 25""",,data/raw/images/small/c6/c6d6af1b.jpg,,
q019,"similar visual but for a kitchen, not a bedroom",data/raw/images/small/97/97628e73.jpg,B07Q1S1ZV2|amazon.co.uk,"Ameriwood Home Classic 6 Drawer Dresser, White",DRESSER,White,Engineered Wood,data/raw/images/small/1b/1be23d64.jpg,,
q019,"similar visual but for a kitchen, not a bedroom",data/raw/images/small/97/97628e73.jpg,B07H8SMDMT|amazon.co.uk,"Amazon Brand - Movian Saale King Size Bed Frame with Headboard, 160 x 200cm, Light Brown Oak-Effect",CABINET,Oak Wellington,,data/raw/images/small/04/04d0aeab.jpg,,
q019,"similar visual but for a kitchen, not a bedroom",data/raw/images/small/97/97628e73.jpg,B07B4SC3GW|amazon.com,"Amazon Brand – Stone & Beam Bishop Modern Wood Bedroom Nightstand, 24"", Natural Weathered Oak",STORAGE_BOX,Weathered Oak,wood,data/raw/images/small/7b/7b36ed91.jpg,,
q020,"darker color version of a similar product, not a light one",data/raw/images/small/8f/8f53d9db.jpg,B07HSBJ5D6|amazon.com,"Amazon Brand – Rivet Dunford Modern Kitchen Dining Chair, 33 Inch Height, Ivory",CHAIR,Ivory,Wood,data/raw/images/small/e8/e81fbd12.jpg,,
q020,"darker color version of a similar product, not a light one",data/raw/images/small/8f/8f53d9db.jpg,B07QBQBXTD|amazon.com,"Amazon Brand – Stone & Beam Dining Chair with Deep Tufting, 42""H, Hemp",CHAIR,Hemp,Brass,data/raw/images/small/52/526ba396.jpg,,
q020,"darker color version of a similar product, not a light one",data/raw/images/small/8f/8f53d9db.jpg,B07TZRJSQG|amazon.com,"Amazon Brand – Rivet Whit Contemporary Upholstered Counter Height Stool with Gold Accents, 37""H, Chalk",STOOL_SEATING,Chalk,,data/raw/images/small/55/55697bc8.jpg,,
q020,"darker color version of a similar product, not a light one",data/raw/images/small/8f/8f53d9db.jpg,B084W2WJGL|amazon.com,"Amazon Brand – Stone & Beam Esme Memory-Swivel Counter-Height Barstool, 39.4""H, Hemp",STOOL_SEATING,Hemp,,data/raw/images/small/22/2267cb15.jpg,,
q020,"darker color version of a similar product, not a light one",data/raw/images/small/8f/8f53d9db.jpg,B0792JGRNS|amazon.ca,Rivet Parks Mid-Century Modern Wingback Leather Chair,HOME_FURNITURE_AND_DECOR,,,data/raw/images/small/87/87b5de32.jpg,,
q020,"darker color version of a similar product, not a light one",data/raw/images/small/8f/8f53d9db.jpg,B07MBFDQLY|amazon.com,"Amazon Brand – Ravenna Home Modern Dining Chair, 36 Inch Height, White, Set of 2",STOOL_SEATING,,,data/raw/images/small/6c/6c7942ef.jpg,,
q020,"darker color version of a similar product, not a light one",data/raw/images/small/8f/8f53d9db.jpg,B07B83KVGK|amazon.com,"Amazon Brand – Rivet Mid-Century Modern Wood Dining Chair, 30""H, Natural",CHAIR,Natural,Wood,data/raw/images/small/31/31a4f9de.jpg,,
q020,"darker color version of a similar product, not a light one",data/raw/images/small/8f/8f53d9db.jpg,B07QGWLBBC|amazon.com,"Amazon Brand – Rivet Contemporary Curved Channel-Back Dining Chair, 35""H, Forest",CHAIR,Forest,Wood,data/raw/images/small/11/11ecebc7.jpg,,
q020,"darker color version of a similar product, not a light one",data/raw/images/small/8f/8f53d9db.jpg,B000HBYIJ6|amazon.com,Strathwood Balboa Deep Seat Armless Chair with Cushion,CHAIR,,Wood,data/raw/images/small/9d/9d12e37f.jpg,,
q020,"darker color version of a similar product, not a light one",data/raw/images/small/8f/8f53d9db.jpg,B082VMWB4G|amazon.com,"Amazon Brand – Rivet Jamie Upholstered Mid-Century Modern Low Arm Accent Chair, 31""W, Chalk",CHAIR,Chalk,Polyester,data/raw/images/small/4c/4c39fb52.jpg,,
q020,"darker color version of a similar product, not a light one",data/raw/images/small/8f/8f53d9db.jpg,B085GWXXNR|amazon.com,"Amazon Brand - Stone & Beam Cambridge Upholstered Recliner Rocking Chair, 31""W, Beige",CHAIR,Beige,Engineered Wood,data/raw/images/small/cc/ccff506f.jpg,,
q020,"darker color version of a similar product, not a light one",data/raw/images/small/8f/8f53d9db.jpg,B07QDNRFGS|amazon.com,"Amazon Brand – Stone & Beam Barstool with Brass Nailhead Trim, 43""H, Gray",STOOL_SEATING,Slate,,data/raw/images/small/c8/c8960314.jpg,,
q020,"darker color version of a similar product, not a light one",data/raw/images/small/8f/8f53d9db.jpg,B07HSKXDRL|amazon.com,"Amazon Brand – Rivet Decatur Modern Kitchen Counter-Height Stool, 37""H, Chalk",STOOL_SEATING,Chalk,,data/raw/images/small/df/df9824b2.jpg,,
q020,"darker color version of a similar product, not a light one",data/raw/images/small/8f/8f53d9db.jpg,B07DBF3V6X|amazon.com,"Amazon Brand – Ravenna Home Semple Button Tufted Nailhead Trim Accent Chair, 33""W, Linen",CHAIR,Linen,Linen,data/raw/images/small/57/577340eb.jpg,,
q020,"darker color version of a similar product, not a light one",data/raw/images/small/8f/8f53d9db.jpg,B07Y3QQXY8|amazon.in,"AmazonBasics 12 Inch School Classroom Stack Chair, Chrome Legs, Yellow, 6-Pack",PROFESSIONAL_HEALTHCARE,Yellow,,data/raw/images/small/59/597c769a.jpg,,
q020,"darker color version of a similar product, not a light one",data/raw/images/small/8f/8f53d9db.jpg,B07QD5RGPB|amazon.com,"Amazon Brand – Rivet Mid-Century Vanity Light, 10""H, Dark Bronze",LIGHT_FIXTURE,Dark Bronze,Metal,data/raw/images/small/10/109a0f1e.jpg,,
q020,"darker color version of a similar product, not a light one",data/raw/images/small/8f/8f53d9db.jpg,B07HK68BFV|amazon.in,"AmazonBasics Stone and Beam Contemporary Round Woven Pendant, 12.75""H, Ob4",LIGHT_FIXTURE,Dark Brown,,data/raw/images/small/68/68129822.jpg,,
q020,"darker color version of a similar product, not a light one",data/raw/images/small/8f/8f53d9db.jpg,B07QJLBQBJ|amazon.com,"Amazon Brand – Stone & Beam Industrial Wall Sconce Light with Clear Glass Shade, 9.5""H, Dark Bronze",LIGHT_FIXTURE,Painted Bronze,,data/raw/images/small/a3/a36733be.jpg,,
q020,"darker color version of a similar product, not a light one",data/raw/images/small/8f/8f53d9db.jpg,B07374K539|amazon.com,"Amazon Brand – Stone & Beam Modern Ceiling Pendant Light Chandelier Fixture With Glass Shade - 11.5 x 11.5 x 42 Inches, Black",LIGHT_FIXTURE,Black,Metal,data/raw/images/small/ba/ba7a184e.jpg,,
q020,"darker color version of a similar product, not a light one",data/raw/images/small/8f/8f53d9db.jpg,B07PZH5XLQ|amazon.ca,"AmazonBasics 60 Watt Equivalent, Dusk to Dawn Sensor, Non-Dimmable, A19 LED Light Bulb | Daylight, 2-Pack",LIGHT_BULB,Daylight,,data/raw/images/small/6a/6a14f5f6.jpg,,
